Address,dragon_count,Balance
juno1zqztj8manrpanh4mlzuscqxxq7srq6rx4tfhpp,29,148447
juno1e8e2pddzh60kky0f9qs4ngvyjxus9pgwkhckux,7,30852
juno1rhl35p5yvh065tekyrw94gkeh682xj7kyw0489,1,15800
juno134j3uyc732k35zwdxfz3ry20zseq573fpras0v,2,15522
juno1rq98esw4lgcekya6yyksktrppcwe2hhclpt3kz,31,43363
juno15zzn0mann5cpzen4gczsuxktgudyja7qu2ttj2,54,49573
juno1hdskrythy2yk2ergcyprnnmugzdju6avk3ntn8,22,14873
juno1g5jsxaejtrj5vpxwe80x23t2c6kpandag5uhea,8,19198
juno1swthy6su2lpj5yazckjn023cr8w45x8yn00pnw,1729,340282
juno1cq6mkp5530w2dyjp3pjma2szue4tuz7xu8q7uj,1465,351119
juno14y4jfkpvga84w88wm6lget9c6fv4gcxjc3yjz7,13,37852
juno1quxpchv7r5r9n5qc9cahfxw5he9daz4p2mnk80,8,21469
juno1x5xlh8fhnnmuz6qa0mvx4823wzu2hg4hhvx3n3,1,4606
juno1wqxcv6h33x9keftayqlzxed9cysfrarrvygm0y,1,4125
juno1jnf3r3g7hcg7hnpeze6su2gs3s57jdv27gfgr5,4,6361
juno1c78th8v07usdu4fvxt9uvr4sw6hpzh0d2w5vyl,18,45975
juno13g9aza50mtj8urmgadqr26678ppt29prewdjg2,5,17704
juno1nhkm9qua5zdfy38xd79xdcmmjr8gen45823ue3,23,13538
juno1c84vfnsz7futvraup0mf2ascx7mvq2jvj767kr,8,12635
juno1jwlwf8sssf8vcgvskfze266c7au742jt38exts,4,9716
juno1p0vh6x8mle55sfyapv6med86ga8r4w4xsxkwst,4,11358
juno1upnfagkz2fe98zxvhgwl89ry5c2g4fdr5lk2kd,5,15142
juno1dql3l6hf0tgc994uz5n9ncpf3ar05zczpzmj2c,23,19516
juno1xt2s8z7m5pkrct557z7d9qs0g0wfslsz9ruw7f,14,3934
juno10dlc92rzp2l3eh5nt2hmmqackt9h4ffwgl9zeg,2,3717
juno134ps9kwz8z3qnam0rg096e878l39arh0g3v9fs,10,19075
juno15zsdeden0nr59su6t3mhcs8ueua3wxppx3chty,17,20670
juno16s8t5gwz0y26uag0fvu0l3p7ruww3mn6jkw8fv,12,23950
juno18u6d3jc60ed7y0fjstw07d8vcp7z3nwt2qewrs,4,6694
juno19p74u3qm6v980n5wwwr8wkfwlvljj0m08wln5l,4,5879
juno1rm5gzhcv2y9eqls2003qalgxkg5uwf048ywjxy,2,3582
juno1na7674d0ypgyv7zssdv4eec2dvn0gcgertm5xr,32,22460
juno1gst5ysqm8k9rvn88z7lr3qmvxn7jx37d8ptqqp,19,8130
juno19up75r6jcyrewr5y6u5zfrpme9l5zxwm3qycgr,1,3510
juno1mn0642a3nh7ng0pwtk5rxqmhuz9yk08mer0pyj,3,3713
juno1hxntfdnutduqf7qm8aexj9me9eva3uzu9ls2e3,2,6865
juno1vtpt9kwjywm3xpake4v8sjmh2uxqq57hrhxm6g,3,6050
juno1tgtnfne3scr46rmr03ktvq33kadu9m5wq66hnv,24,15598
juno1lvrgkxm0gzvsh2ruve02k3tq3dv3fce3r64mpg,11,4713
juno1nu4hw50vzzjay0wxfvylsmgl2a9f00chyzughn,1,3396
juno1cd8kr3sff6r0jy6qlwxzknp43p0mkhek8nafg4,4,10651
juno1ls9c74cy8ylaa7lcphj5ref4mcw260ujd28lyd,2,4693
juno1la3ua2rjl6tvwk040hrc0z0jns4zj2e30ykkp2,8,18692
juno1hz2ua3kf7znypfhvau38xwr2gz38cp6ppdh5ms,9,6163
juno1c424mkaz83wzn4m07prvfugj8t5ucmy3864sph,4,4744
juno13h5ymcgk54s3cdhglpdl8de0lwz9sqk8xc5a9l,8,16835
juno1lv3gfe6psrq5mt28vvq3qnl8zsml3zlpu8mz3r,3,4023
juno1hslw9dcn5x6pry3u8gzgn4ytsqn83quvt0c5wk,8,9907
juno1p9gtv565gqsehk27245xffu7h5tch8ckxcfx2z,12,4465
juno1raa6we20tqw5jqarqjd5zwj8e9gu9rs6wx7ark,24,3690
juno1da7fynhvu2tmx54z0aaakrqdu82sd9h589xhy7,3,8828
juno1l46qhgucfdk4lkc6kgjhfp63dsn4awarrn7e2s,15,9279
juno1wmveq4g8g2fft8dnxz3uezrpg6483jzkxvuqkw,4,10441
juno1tgvqw8s2ausjavwq09aq80ufq3jvkejanyw4s6,1,3208
juno12jyj9nvugxkkgg0l7gkc4n92pzwv9wqz8lnxmv,3,3976
juno13tky50x8huusfkqvd5aafgjrgtpp44rjf89cww,4,3963
juno1cmdme4n6k8yav7z0al356n7zvnx0zhpz22pz7h,4,3255
juno1qm9q5lcutcvdah6qh5eefzapcnhas9vmukaq8c,1,3241
juno1naateuyjvgxtrjsx00utvf4zcm65q40mh8qwtf,6,6342
juno1ynlhr53avaxgrrwyaeeyl3x3a54lm953245luk,6,6330
juno1gm9stluhw4xklwyv5kwx9v3veqsm2uq9x22f6f,29,24752
juno17elel5uvz940ygcdrp7hda8mph5sc564v9xt5d,18,5508
juno169wtfrlwcjtfksheg7gznxk5s0zp3ethxncy23,3,5773
juno17egl2ke2c39789tv39mud9vwwwjrsyaxwq0lsv,21,9942
juno1r7vu869y33hrs03k9h8mczsfw2fgw3d4lvtaky,7,3227
juno1fakuy9dm78lquld6ppheqpnqcyyf3n5avf5pr3,3,5620
juno1xvlegj20k0m2yul3vn7nkrjcmw62sz7lax8mh6,2,3114
juno1u5s6uyk49j3693t56etjtgjgnws7xsuaee7583,3,6910
juno1mzfrhyp2cp8qygwqkpwk7yjmj0h6em8l8yv3qa,4,3576
juno1qx02f8hmml2yydnz7qksa97fu0cw93ptkqqg2k,1,3010
juno1tppnlpre9623ccpr5a6yea208ntsrygnq008ch,4,8643
juno1v6eyyvqltyyn28vcx5wrv5artueq6atzclgvju,12,23628
juno1uflzstk0vm6cfh7qq7e02sxvav4jtmfut8us7p,16,10753
juno1yc6tdz2cevl277vkjjxw49pkug8velwcd59znl,6,4041
juno1snkq7u6rz0f8l7wmderlzv0dk222j9xcdv3jnf,4,3473
juno1yqx82ljvt7m23x9f39t5v4000q3nuggw9mryud,1,3030
juno1ntdd7mj8watlw5r09r06vv2m6rxqjzca59zsax,6,14226
juno1pcnahtrlk6s989jvrnr8yn8ysmnt8ghs38jnhw,2,3024
juno1g2xwrvr5zd37vcmydc5y4dz6s8qw04ctwvcwsm,8,3193
juno10rdut36lnhsrudd3t4zqqgpvrmxam4lel2qmnx,15,3393
juno1fjp4xqn27508fqd3xql7hw4phwtdymdp5ruerc,3,8416
juno13x97epcrp6la7sv90kmhc7fs0qkjrvc7g8eg9g,59,11598
juno1nrp724wkvpqz03naucqpqmvnfrrpuq8zgygmmd,3,3125
juno1cnd5l4w0jg8y7kpqu24shqrh45qylmzd0uqenq,3,7918
juno1ydjntynf3zhlv2fwh54cxh37q0qc5ax3jlzxh4,1,2899
juno1ucuxdc2jd6guvwuvktj88p362re6qxmvnuudz9,3,7113
juno136wrasqzaplzsakzf62g0czq3jeh6wxnh4fzkf,3,7757
juno1gzk4avrh7f5wx9rdxaqrkpun3m3elp6yvsl458,2,3330
juno1lq7ja884xuu7fjuxa74k2uzwheq404amy9gzwr,7,5754
juno1jx0xqtn3jzc6wnc9565mr5spkf5nccxkty9k5q,1,2820
juno10ctrsv9t2g8fuu8df5rcnppn3vy9dfxfdzztdr,5,8462
juno1p5haj46svygrvqatz6p8vz3jazhq9rczvpmmyq,2,3069
juno1eeka5jwn4mr9vuq9n70sg73vhsg8cpvrc08rfs,13,3707
juno18yqlugeuznjwvdzhyjuqydgkrlcqyks4hyrx0e,3,5349
juno1dvejtyymmsgc56lrvacahcrw7237qpwjesk23f,6,6328
juno1fwsyhvevzgku3g8uzgz6qld54dcv352a0czu73,1,2666
juno1qgdhdhu47hgx8j7qkdcsneu5e2saypmlsz6qme,18,17061
juno1a5qcfmcln4zrjzrzfszcmt8yczngd7ccl9gnq6,9,8529
juno1x0gn9umx7dfqh984edssk5y6etljhgfvj42gn2,3,3539
juno1w7u0h0vjarhhfn6y4q2kp6vw0j7t3ugfjkj970,4,4192
juno1paf5lkuc5sudcea2kxx7fwkksm3exvk4a080fr,1,2621
juno1fx4vyh2ds2pgp6k5lkjfv334v66yyx7c0ynesm,10,7707
juno1dmk7jxqx8rta9fgpjdcvr44qzjw4he6llupms3,9,3030
juno19tpkprsxuwqwyea0sqxs3ltqv9wk3e2vlgl0ue,3,2938
juno1p9wy8klzgjh5zu9xgx85z3lkma38k43zrzfgyr,6,4094
juno1pqlnth0n07fw55hr720rtfenn98gl2rd9m3ewf,1,2623
juno1626tetgz353qzxf3y9nsu4g27sek3gtssyt9qt,2,2866
juno1n9law2cy3rtyl7han6rt0asfdnj709h83dq303,2,4332
juno1hx432jn9w4ddd5x94ynt04h6u05ll2ydqhp7p7,20,3889
juno1pr6kwdln80nlr5n7ac77kw0rgrn506uff7s4fd,8,2676
juno1wpen8s55waytvjqafjs9dr4nhsy80psdmjfze4,1,2552
juno13744ecfwf85knq8l3u3zt9ctg52q9n42wepxjx,19,46217
juno1t3my7828kx40y2cewfejscwcfcu2gnztgu5fp5,2,2567
juno1yeu7k53atk0jznxwpnlhnexju9w046r52cq0sa,3,4280
juno1aq33wu0ld26l473ykv9gzc76d8pdyk0p8xd9gn,9,3798
juno1afurr7aaqjmjsplf25t3uyawcff9g465jr0wyg,18,4587
juno1x5hyxmqp0h7rjzme32gk2dpmuzp94t8577dn86,13,2811
juno1cw89l8w5hg05tw4p8maau4sfyez9p32epztvt2,1,2600
juno1nat09n7vfkgrv3p78vyan203umugmrkxe9mcrz,1,2520
juno1lcgzkqstk4jjtphfdfjpw9dd9yfczyzmct5uyu,4,8531
juno12v7mcycux9azastx3z6kc6j7mcw5j7kt657q3m,1,2522
juno1ev02crc36675xd8s029qh7wg3wjtfk37v2lyyv,24,12127
juno1gkchs6p8wqaz9rutfnqc3hx0qnh2mwkrdvjev7,4,7447
juno1nnmj6fz3hn7eulgcale0n7k6n7vrrxxqeqs25z,87,14973
juno1d62tpjl6h9cldp45d97mlq9ed93wx623e4y8rz,3,2799
juno16n9npclhpfd0vthsr8udq02aazqta7ew6pr57t,9,5644
juno1afkyr2zkwgj0urt4ql54xc6n7vu7lucnpa82hu,5,8871
juno1hcd0hjf6kskhvhvs77c95ms9lntc7lu6g40rw9,8,5161
juno1aze45mu9nsh56zk8355khqnjr6r0tl9l02k0ej,6,4411
juno1m8296ef3w055lqx6qu0nlpvfnyn6myr9qvtq33,11,3948
juno1pcz2c6zc5te05hqcwsqavtv63lpy705eeak85x,43,9391
juno17vataj99ygeegdt0aw7a84aj7vs63dmywje8jn,3,2633
juno1v68vrs3nndqlqhghqrcsh3v7nhahtwer3dqwl9,1,2327
juno1rntaqydxgmm5zkkzzhawmfegrhxlx8rkxh3ft0,4,6114
juno1svj6jed5clutrvm3e7p56nphgl8uqd9zyzta5w,7,4932
juno1lmrapmzkfgn9hhvauyu7efgkrjgyhqs4x6czgf,6,5311
juno1akaypt4fptt9dux4sxys4tnzfmjratl3suv4v3,3,2989
juno1ewc4gnac9cvhgqj4l508a8y0vz7tt49us5ypn8,7,2367
juno1hu833h33pnrpevcpl2g2kezjn7zm3va6h4f746,2,4673
juno1fy2alpnkh3prslsd4yl5ft9lxygrdtdxmtjvku,3,2812
juno1zn2mtshah9l8466jfwjulftkv70xvqhsv4w6nt,2,2442
juno1cxj4hgdj80fchmym5rkpurczypw9t4fukc8n4c,7,3405
juno1z05qt7creacxpztyf5gzmxtu0ywsxhguvcy9yh,3,3366
juno1n8j9xve22sh5arf2kfdtdde46udztadapjn4fy,14,2584
juno1d5jjy3ulcjma2ej8ggzgv2tfn73yj6zyhs3d6s,3,2641
juno1k8zdqgnga5qv8uwsuufqhg3q0ucqprdvkxkgw0,1,2158
juno14gtmmssmljgwfuerwg5evvjn9v3u4u57max3zq,18,8271
juno10095shflctdqa94ax5q8lt3mfkcglt2yupp84k,8,5385
juno13flc9tcswn7zmleuezzsxxnzn02rkgrl23eq0f,2,2608
juno1zr9atd3e8j202x5gnvwr9ywmehgqxm55slllqg,2,3195
juno197ejetjcac4w7zht5khl86tczquraxzj4nlqa4,3,4459
juno1lrgpt05m04fa7y2cs8qdnr7qgn7yx3yl44cke6,8,3365
juno1cwllzxqacrulw4lj0lzrf234a3290h0gsu5kw8,7,5634
juno1vzjtrvnh7lycnrfaynpc685edqmsch30j5p4ua,2,3525
juno1ty6q0dlm0awe9pjzukt0e5c49xr0hx858feut8,1,2008
juno1xddhh37guhhtpn8cuz62d46cwplu7eduvvvhyz,3,2037
juno15en8sl2rhwzx3rjx0yu5nqfcag0h5kcrums8ms,2,3821
juno1l5gh3gxxqnmh2ekqq4kmg29p90x5swm5zfm0ld,9,3053
juno138g6r6rhwl3nsrd6nap7h7zw77eggw2c9qd9ed,4,1909
juno1mwrsc6t0ynsf43syv6j9y5ppc39we33r5m23ru,7,2960
juno1luq6xmsy7jme3d859c87462um72tvhrgmkfhy9,3,1726
juno1c8gc447wmjm5u9k98d8udg7ynw8vv7lqjnpvpn,8,2164
juno1p5x323sum4wq0y6x97met4zx46leynhk6vmq0g,10,9346
juno14wsn59e0tjhup25th4yyu4nfmaa42nqe90cat0,4,12893
juno1swty9y3wshvcja3rzax3cgpmtqyz3plza7670u,3,12770
juno1rf5z0q7mt5udf7k73h68dv4aql0qjq3meumuw6,2,7568
juno1cq977qvxmpt0vg92m3qp7g6ge4940fzwkjnlx6,4,4295
juno1t3y4na8qy2ujc87qt9g0jrq4r3e46upnncdycx,1,3427
juno1d9n6awz3rnw87dmzuv4a94cz83hx26gf23g7ne,4,3405
juno10w3f4yfke3a34z2qcgjlxhhpe4e9hf47kcevuw,1,3000
juno12u2rtawpek80c47kfhnrh6udcsj0ufwplyjq6f,14,9426
juno1t2zagem3tuu86cfwktm6eqmpz0t2g74kdwysmt,7,3172
juno1xt4zdqgjwrd406x6uteggype7xnqx7678y6mmm,3,2893
juno14q9se7m8c534vjmrv8lmysyejnpls5uvv9fa9k,2,3008
juno1d5nr5h2t49zn3wld0td9zv5ey2nvryytne3xuj,2,4820
juno1g55d0tceqmlfpft6s0xgpeegetnse6svqslwwc,5,2668
juno1vhaahp7pywgf35wdmjxd2krlgcd0cesp7tmkld,4,4136
juno1hd5rp9pmwg7q5mwndk4c8qfw7d398dlwq5m6em,5,4780
juno1ga8nv7ng4955t2y4anxwrhp7rkmj42l66h9xxd,13,6699
juno1hdusu20ltnm5086vjjnftk62cvnlmuvq206yah,3,2868
juno1z6z62dcd4rsdwl8e7xe5k8qyrgmgjc98swcs6d,2,2591
juno17fgmg7elk2qg6h9cfs4ju03fsjqkpkl2uw0fa0,4,4779
juno1kyjzqlptc65kzq2krrkrg4khzdf8t28mkcxd6h,1,2420
juno1nqx6avjjr54p9nqdggtywwmtmfv6wah70rj8uz,7,7514
juno1lvz2p9r8dpzehgc50am4cc6n5vw8ses509n2ke,3,6215
juno1www7v5m0n5hxd3avzun8hrnywwv5xtkkex7gln,1,2333
juno1kgqqms0evjkfv04lga2krm7r0q7lwg3thnlul6,2,2770
juno1erpyczl9sl4653djjlcj45a2pweqn579e9f873,1,2271
juno135egrsd3f5mrn44u34ds30ssvkqpgfeamsh7lk,1,2192
juno1wsc0z9lsdrh0xgs9sxtsy4hjrdhl8e3pg85j5d,7,2396
juno1n5xc55drrkpyhadr8khjyhzpfcs99xygz9pehr,1,2176
juno1lceeltsfskth3803vhtjw49ady7fc5jautwx6t,6,3056
juno15dz5339a8827qxm9x0x65w04a0lr5nc3e0pjdf,1,2160
juno1x9w0ncm0kqp3skwcx23fwdsz8e8q5zxlk0858a,1,2145
juno169m05prms97mnssn3crwdhy9x86wndt55lklhm,15,8377
juno1k559m4805mwr3zhyhyv85ufutyh2x38mwpaljh,8,3005
juno12f64zqhju0qmzynza9sy8833pv365zvr35d0qr,4,2939
juno1w2n8c3khqultp7nawvcn99gd9z5vsawfc3afhn,1,2105
juno1380fvc3828u9lqhshuuzd5xdusk0eu29vlakl9,22,7502
juno198l4n68qyqjxz46qdtt95xlzu5vmqazfkht4wv,1,2160
juno13955w224ndfq4end4a8nm4qayjk49z0hwsl22n,1,2158
juno1tzkp5sypt3h8m606dee777jy6gjvpurdak4353,3,2355
juno14zhssv28mtmtsxfw7pm06n02tctjwf29g4fyvw,13,3551
juno1l97y5t470cfagk2uyr8sfgxt9n2f9g4ypj7c6c,2,4471
juno14eq4s0cfyu3zjrcrpw6tzq8c6zdt44jnjj8hp9,1,2071
juno1qmu4ntqf0a2p666zyd8gfxgxu99lcrmer05zn9,1,2023
juno1rkvntk24dm9gn95vms9hzxtjhxnlqgmaqdwamq,2,2385
juno1fftr2vdql95w0j0n7durxy6xpvmguunwlq60l4,1,2005
juno1p6p0wwcgxj9alaj27f2ggzp7zsx307slrpv49y,8,2676
juno19yacse25qjs9v9nxswr597vfumsax889f60fxu,2,1963
juno1pepgjlfsg2yhmvdgpzsr89ws79wavsucga4k7h,5,3486
juno12lpn94k8uwx7dfk5u8u3xw8zeszq2056r5d78w,4,4555
juno1xagjnu79rfhzrracc0marl8quqcugvnfhcdjl6,1,1906
juno10mvdg4cav2xh5eah9rmggu8ugpcducx2xjmrcn,1,1915
juno1pvp2culavr6a6nr6m8e2pflft3jwz3g63cczzn,3,1937
juno1m806kg5093nqhuxnfkjpu7v7g7pcr7ya2dq65m,5,3727
juno1wu7y8sfs7c97fke02kcr2f9rt7ndl0cpng2t03,18,3790
juno1qrx7vpn6kztdwn99apl8javjmnahdfymwc4tjc,1,1777
juno18d8t7nj9jqyyrzr76wea38u7er3ljzzqpc7el8,1,2013
juno1fvytzjhpny865p25d9qj3srf0fzv95a6z8lm43,1,1764
juno1ttfj9syl6zz9jmwahysnwfl2qt6kpmwxqwmz4m,5,3294
juno1j4f5azfwc5zzfzr007ue9afu4v0w0akqxhc6l6,5,2130
juno18ku8fcapkszj5ee8txys6trurcd9xs6m8vg7qa,5,2530
juno1u6rd0lrezdyza7v0m0p7dq44x5ae497jhlzh0k,3,1875
juno1w23u8pcy8v46leyydpzja0elqjllcykk9ap3py,1,1700
juno184eu8lwn2aftlxtxxq7tenyw9k44wnr0zel9e2,1,1760
juno1yzmmhph53qzg86v8ckx7z3hplv9ajrn5nku4e8,1,1725
juno1ys3w6fdnasgatguztwdfw6jdpukjk26xjtdyjg,5,1691
juno1y7827gl8zz980jqczk7sknhkq54p7v7zhvsc77,42,3176
juno1nf3f77wnp425q8j2xq48u8at8ltv62k6pr2xpt,7,3487
juno1986mjj25t0hkgf6vyck3jk5cl44n83t6g4d4ts,7,2085
juno19vcvujf9s4mhmqzae8cc25494suhw5r83dh3lx,1,1502
juno16uk5te0nn25ttquxavvq0qzzx5nej6d0m4tu22,3,3014
juno18hcgfpyqg4ahgxczjfm98atldf8mla4e6vp5qc,6,1712
juno1a2ac42nm0kfsflvhqjya0wg9lsydm50ch5thvh,3,2373
juno1en6w3gs6dltchsngwa05q076pjaljlrahkzyze,2,1581
juno14h8d7kc9ylmqhx278w7nvk5eu3qqjy9d39wres,5,1828
juno1yrlls32jer9fdma7an7pr4jz3kz4tv6t62v27j,3,2341
juno1muttxxvr034r4y7nrnyfylharms4fsuev8t3qz,4,1938
juno1csgs20vs4z07nqktxdr84stpmhtw6quu22mv6v,2,1961
juno1cdge5wr4zc3m5ker5qrvn327p3gk5fcg4m0r54,1,1363
juno1fr2vr2gc6cchhffwuf7xj3kx56tr20zfxehmrk,1,1401
juno1hdce23dt7krfs44ehcq68gt0jwrc2egmng9d9w,3,1484
juno1trr5ll37jvvf3c2ymee32p2ngpewycura6xj7w,9,2610
juno1ezemdy6ex6nxsdy03fkac5nlld03p0cp5dpw9v,2,1381
juno1cvppdu4g0pu36gl46etm78cg87as7nl6llx7fk,9,3061
juno1ujumtq4f86z4cvpw4z8pqlaupf9x4gjpx63jzs,7,3360
juno1fd3e5x5k7p822lksd70sh5mm3zdt6whxj9kawg,1,1300
juno1leejkna953s5tk2svuqqkh9e2k8ssmse5u2hmv,1,1287
juno1s8fewu3vucn6c98093sl47c0mqja529mpx2jxc,6,2800
juno1lg6nsm4q452jeyzfd3ut60704c63aawj6dqzg5,1,1295
juno1jpq32s48m74symg3jn7g8rdk03qfrj65pz2unh,1,1287
juno14wx03qe6cn2ufpakc9rpxfu86d0yxlmrsr3dqm,6,1915
juno1z90q3susw2q3xcfqexxsxfnxv39m0mu5j0g2cf,8,3379
juno1nysnwr25kx7r29prcjx5v5wlnxhd42esmgtd50,1,1271
juno1a673aqnaj7qy7k7zkw4p8th2rnav0m5gqcgrxj,3,1238
juno1rylscjewtqxpx9vaaw9u9xe276jgddsztz4gh7,2,1195
juno1hrwcnf53yjxez8706z0wq57taa688sd4jp8x8r,11,2835
juno1h8az9l9xc6k38hnys7agnd8gkgl4jh2nasaswz,1,1150
juno13kw0m58k974mk6twg9l7jxwt8uf56c6ddaycun,7,1748
juno1lywuk4k8e32dth3qnjhlx0xv3c0j6zmmzy7jhl,1,1094
juno1txgda86rvnune3afh9gjf9szrlf5gey5x5vqsy,7,2046
juno1uw578xh672x4eecle7us8x67g8jf22p8w5x4rr,7,1596
juno1mljuf2wtjq8n66peupv5c7d2j65zpzml3u67ep,2,1192
juno15z5fvkqv25zcpkp5hrceapazyn3dkynrxad2yx,2,1299
juno1kcv9vea4wqasfft5qlxnvwvz2npcca5xv5n2vd,1,1100
juno1gs8clhnnlr5yehvejxwqjtf43el2xr9sw32kuv,4,1557
juno1k55lcm5a5qkgcca9rz0cvlzzce4ec4ghwc64zr,2,1115
juno17wxlwemx69vryyvmqshzhzhl6dlhranwegl5nk,5,1587
juno1qj868540lcfpxurd4tlwafcgfv0t0n9s329yva,4,1291
juno1wps5r2c3y6gx7l2jy83e6exvzsccmp2vzcl82c,5,1277
juno1jqup4hf2jmfcfndduydr2rtqtv8ypvzdckcq6p,1,1025
juno1uegmut5dp5k3rc0xxdgluksmqewf3k8qnducrw,6,2904
juno1s3c7q7vxe557h6tv3yw2hwpp0w4wgjqtqze2ug,1,1010
juno156v8w003ztexdzp0l0rs5jpenk68jnprku6njh,3,1005
juno1pc8qd3fnt98j6ndsvxspmzvpgfhjlt2hdjzyqf,1,899
juno1etwruy48q0j2s0vj3qpee6nu938fvde6q49alz,9,1358
juno16d7uqf38v62d68m0zjce90astv4xesj639yz6j,2,921
juno16fygzkuwu5jp38enptyl7t65lu6k5qdxmpfv22,3,1676
juno19fumfhgfvp2q7lffvaypwwmuz93wfrdsrjulgz,1,916
juno1de0eyu5u867fsyg22w98c0ydpslccjp8xmsxay,2,917
juno1tq9rfnr0pmq005mwt8qdmh5fhfjaf8w5n0x3vl,2,857
juno19y77vt252fu6cqxj2f0c90x3hyd0ty7yfkgzkv,4,1120
juno1e0fafwjn3qp4s8g5zd6k8nz84tj9w6x8av40j8,5,1053
juno1c5l0d0pwm6m34m9yph3xaudh6u44nae4tynfsq,1,800
juno1mklxx9jmkxxpdkrtvz99c8wh256l82muuj0vxe,2,1470
juno1ydrskl8w27n3dyxzgl233uazpgxarerd0fgj5k,3,1366
juno1pz0a4rzkszss4dzs7yfukuskqtjg739g3qzgsp,3,815
juno1j8pddvf2657wz6vglgrgpc36ny2kg4ctftvrum,6,763
juno1dj7p6yn4u5ywph5a5xh2lnx5vzwhwxsldncrr0,6,1225
juno1czq9u66r7ueffe9pfengt9paaqvx0ya4g5s7gd,9,1691
juno1g6mw23zvgpk3g4h26sd7n2dfc29w8zeva5m6lh,3,923
juno1zd5xv7fq0f64u9cv4j0xte7mrepex0mcgy4fwk,3,810
juno1dq7aykz00wtk7mfcw7eaylymknatdh5hhymcpu,12,1356
juno1q4t88j9krpx2n46hueqxkwuyh8d40w4uyr6vxm,8,688
juno1mrlkzgvv9n2ft0caxtggm6uzhc8my4hwapy2u8,8,805
juno143nyvk2k2xu3yhfu6x95t9l3nfy4v0tr46x2cn,1,608
juno1apvsay7qcqx6mrh7d4acva0y3chf445rjpezxf,3,692
juno14f7vnapm37460dtz79wj3jhx7fagvzxzr6v4tv,4,1965
juno1gj0xggmcyndpmss5qqtadjn9mf7pny3g2q3jem,2,865
juno14turvgzg65k0n9w8w6axt7dz868yuh8uppzwm6,2,660
juno1laavadm883aw9hvrvz5yu83qm6ushflcyfut29,5,1573
juno1r9szg4zt2xjfd68tw5cf30ucpdejy8asp8z0qx,1,660
juno1zcj5xw24tvjnyl7awhtutdfarvxmqfqxc5pd2m,7,1193
juno1j575t9askwsk66hjsqp96lndkct37cv0ck5ajk,2,862
juno10txfsm8yg57ry7pfdgg7u9uts92mtzqyqf2num,3,681
juno16rh40g56w6ypk8kmslkgfl7a35mze0zsdnrsf5,5,1910
juno1mwm6fh3d495wqzjvkxeglpg4l8jtsyr2ukyymx,1,608
juno1l3hvxfhwdq603lt24az4eq88guksr0fdjpk6cu,1,605
juno15pks8v7a7vy5y0ya6l5jgwwp3pxgrayh25wx4e,3,1073
juno1dg7e9d3wlfjwevl4zd2rt7turd9u6grs20rfyj,1,605
juno1zqhlrhc9k5delwltcnr6u2cuvtszd7a5dvswru,2,680
juno130p3qtmtsquak0x68njgd4l8mqlejexjhp480g,2,505
juno10arenawv4p23x5w5zkzme77cgq3hm6ph0mrxc2,2,608
juno1j4z3ekukntuxay0vm030mvujne5t9u43x0tz46,3,1060
juno162en8rzdr8cz9vz4xpsm8rjs4ujjg8422l5yen,1,585
juno1mwxsz2nh3sagjr8tdgfmw72gzqmp23vn2nrwjj,6,1034
juno1g3mhhfh5npysxrsv3gqw7r00arksk5xpymgxyt,5,736
juno1eh943mh69v6vpz3zgznlewlj37vmzmnwrg6avk,1,548
juno1puhv56dxvuea7nfmg7sxl9rp3cl7qr0py2vyps,12,1520
juno1jsl5cs098lj37nf4h0d7durf20ajjnw2tzgynd,2,699
juno1dpltqq0vx52vkarvy07rjer92thkufgt4hx4jd,1,551
juno194ss0mytjxpf6fmsjrgfn8ly8g4fuy3znwn7d8,3,620
juno1mxmgq54qy6pa38t7sgrxesc884jnm0pw4dzlgv,1,552
juno18fvt4pg9mlf77p70ps20fpg4xcvgfhhunmpkvk,3,875
juno1fvd5ch4qwkawkeeury4eh857djrmx30nkv072y,12,1365
juno1mlqymygm837ka2pcd3ln6hffsvtfapm9jrlaen,5,628
juno1jlwwxxkz6crealj0asve9kt07y55qyv70xvc0q,3,684
juno1phnz0hhvexfqqqk0fafzj34y9ra40jffhl206a,3,911
juno1kstdduh0d9ykw0d0qjua3n236k27rtcvyrcmqm,9,1309
juno1w7rnldwru2p702nujkrfdf8204nswqjy0g0wrc,11,2780
juno183tjjupfld4xy8z5fgp3jux6zl0yzwrskfsgfn,9,931
juno1na96jft9gfmkzrvn8yv3gx5jt4jkjrap8gdv6l,3,572
juno16lnd8nj90u8nuudxwzrexrrxfrxga226c8cgfj,2,569
juno1g03qlthqvc5ewl3553kanh262jlkn4uazpf2cx,4,754
juno1lvtjp22lrr0fq3nj9aes7mdcqcfstpxh4hzavd,8,1564
juno125752w9sc0xzlrsvqd4gdjfs3att7x4lm3hvn5,5,717
juno1urf983742tqpdy0s7yvxnuyqp5k6x6t2mr457z,9,780
juno1dhhr5lgf3zfvdl4zutqdecxxw934cmanl70f32,12,984
juno1lx7htk5sl5w43k5796kxyr9lga6ppxkhf4skyp,2,403
juno16gy7c2uttx6qxw5k2u5r4gzgsy2g94d028hc7p,25,3669
juno12fgd59us7wvdvgsdrry6wgwfvz6qdf9v60nqjt,1,478
juno1grlcpcgw5yvrw936ejz377c788qmajgjymf7qt,2,464
juno12z4jtpke4qhwl00z7s82ewdfnhkg8c0ckuch4q,1,444
juno1my7ypd7m4dzrklasg5lj8gs9ff526cvgez780t,4,582
juno1s2w9z3ad0quyxd8re7hw786eaq8a9r5aqs5pum,1,410
juno19cphf4mapvq9athkahry6a7l6haykcz7xfew62,6,594
juno1jy0shvuze2jcz3hc475uqrqk5lzfesuc5ckmg9,1,391
juno12ykuawz9k4fckhah5n042xs6d9gdahhxu9hn4p,1,440
juno1wqfxtchwqdlldy750879wzypy53rw33zvnndg5,3,617
juno1985vqh37w7jfhw6s6pdw07hpjx40c4aqrag54s,2,449
juno1k8zklwyxdq50aakvs2k0evavju3qflcats7fal,7,828
juno1pm8jhqcmjhh85u5ja0yqcahk42n5dsgc75ucsj,10,991
juno1wz63q7ze34mqhmdvv2gs3lznr6sgn3yrmdt43k,1,400
juno1lcvgw8s9uqvtjnem8h4txqhpvj5evdgdgs52rj,1,300
juno10akusku6e0qhpqmmk2dye8gzwva7nv3nfugsmx,2,555
juno1m3c6ekmk3ps28vdhae2lhgpf7yg6wxqtyuc6u4,5,1236
juno1my6g34yk6khcvj2j9rywq4ud4pcr79pzs79g8k,1,401
juno1q4t4s0cgnpm6qkjjf38jvf3dsghr8hle7f97sp,1,387
juno1qycsdv4qa3dpcrhyfqee5yjzsru4y7dd0s08v8,14,663
juno1d4s4hmm2x6dxz3pvwmzqqkwjvc22dhu6dty228,1,436
juno1xq0kl3fxwjlfuxcrgzjjw96yur03uwkxjvzv7e,2,385
juno1p64d8tal0tc02csp0h9cflxr0lfcaxqxj0848t,3,850
juno1npu5sew9ca9z959deaz6epmtyl2ndg244xuzhe,27,1282
juno14rkr63rmef0cmmfzs6a7xluyqkwxh6zj2e8gnp,8,521
juno17dhj8n2y4tzv2kzx5ry30gfyleh04jdkwwq8jk,13,1258
juno1vd8u3tlryxvlpdc62juxqjz8ek395utsnxwzza,1,416
juno1pyk4gcm000h3xdvpyzue2ed0d0wg9rrh8ptz7a,7,432
juno18xw2gdvg7xr9yjvtvyt48de2lyk794s5k2zncf,2,471
juno18prwkzhlm6tvwkzndggp8dygpaml6894dg5wcg,2,429
juno10ef8zzkqsqp8f4f643842qr62a8uvpg0vaduhs,3,629
juno156km05472n4rvsy2f45deqq8nysaa6lv868k8h,1,248
juno1f63y8twj2nu4jp048xe9ysygkzj0kpxrdkdxk0,2,266
juno12aeetapaptmtt2a82raerweju3m2sukv5vvgm2,17,1367
juno1jwd9pnzlk3xvtnquv0myne8d4pgc6rpsj0cay3,8,697
juno1awg7ws2wfdsdl5hytqd5g3ff54tmhw7yducrn6,4,706
juno1s3c4kwhsayund4gwwfz36vjl4j5lr84wlm8ccj,4,727
juno134lcskx269h0chxr0lt7juksd2xj67g0vnxzcm,6,1890
juno1ckmdermeu9kk7eknjxz2lcp46yaycygqc00pxe,7,1078
juno1u2pscwwu3fgc4symw2xxh0leewgtx45grwjxrr,2,418
juno1dtj6yncrdtyr2tkzfxa2jrlav7es8uxfqtaay4,1,321
juno10dxmgag7lyaykxx73spsshjgtg8sakqmq8vxkv,2,353
juno1pyjpgndh34qzqjxwuqfs9gnnd68rxahknvahe0,8,461
juno17kx7qc5r24uxwxjefztwk5x3mxc6qnkgre6azj,4,1031
juno1ctt6ajrpcaurejugkfchnpdz6ceyxux88r2mdj,3,547
juno1p0r06vyaz8z66qn2hy7h54glgved4quklm92ur,2,264
juno1ky7sakvpqnhwpvxmhkxd37het9rcxnvf3gs7av,6,854
juno1tk4hkrse0f8hrmc8avwl6l4kjk973lnw4qjg38,5,313
juno1hn0es2776xmyxrp32m3mdhrr9saxlnfp8f5eqt,5,442
juno192mnz2ad5qp4t9k006zsqnp56hyrgwftzqfema,3,845
juno194wkf2dqaldqx3xjqgpjq7hnuv7yc7vjjhgfzv,7,1324
juno19ymqcqesn9t76r6y2yhkz4zlxwlmxe3s39clnu,6,515
juno14ksjgje9ccad5zvzxy7k2amqu55e9g9gmx3vy5,2,356
juno14yagktqyrz8qlc4l5mjkhkurzzp5w8r2pwfggy,3,342
juno14sct6txzyfask27zmgh30s3q4wznew4z8gk4aj,2,729
juno1yte6shpaddtp7t9d5y0umxw60rswsq0cnsm4zf,8,1043
juno1tkvp6yhem77f5cz39yyxhw422tm4qcu50pnj9q,36,1758
juno1xjzk0nxv2yahgekwj6uh2je3698e85c6f47tdr,2,370
juno18332prrzhn3uhavrp0g4muhvh5wpyql7yd3us6,3,869
juno1s3z2296ejkvl283d3670granfsv6jw5q4uwruv,2,331
juno10hncce2cs2hlv7l4djw4syhx0sevdz92kslkme,7,485
juno1mru9ezmxr0zguvmuvqtmuejphhq3gnjlavc2nz,2,538
juno169dycfnavm0386wyf4jq2vvxeak2m02lna6zhc,5,446
juno1j7jf8ke84pnul6mh89v2lzu8r25jhfzpqyv3xm,1,320
juno1gcrpgpha6g9kzy3mtqe7c6rcvk2ju8vs262y0c,10,1698
juno154ljjmx2z2dkf4tehh3c66nd3zpml7fzlgu3qp,1,357
juno1ewwavzq744k9fnymqt24wtlskgqjnwd50gvnqv,4,1265
juno1nvlwyte5v8vt5vqyvpx8str8kyme98zz3qcgg2,1,366
juno1qx4p2ye4uruyeyrqxqtjw7nyedx55nnp6x63a8,2,529
juno1l7l5e5mtr8qn3r3mk2r7742yy9furmcysrjvkq,7,847
juno170vec00lu9a3sewd5qmtaxej49847nstw9ncs9,11,853
juno1u4effq4tjktv55q3rscfplpx2zjdhjdj7u4vs9,2,498
juno1xh5ssfc4kkez9zuj8mk9m2e45ptpp7sf3098uq,2,633
juno1fnhrjf4dk6qh76q44un00yda5f0tze00rycfjj,2,356
juno1elsrlk3as39facc8qqm4xewfarklrr7fcm26v2,3,332
juno16emm9u6n00ks8qnqn7xfx4a850jnmzparwenq8,2,428
juno1nspk38dp76xgd0nxc5em7vsm78pnnz6vm6g6qx,1,350
juno1sqavtjrx224fgdk9az2tt4r64arqvhxx4wzm0z,3,270
juno1lkgzr2np0604dyl3069m8zrkufxw2sdv3uzd38,3,438
juno18aeajmfatzrh4gddpfg86fq8ca0twnyfpn2pnc,6,589
juno1ehdhcx42evhxhavk0sy6ftqqm9jglcsmpa98nc,2,525
juno14jvu5rls3aykutg0fpad2fhlt92yzanrl2ldsd,8,957
juno14agtntegzahz04a5m8deqpvrrvw2er7svxjcn8,8,1792
juno1d69dudy5r95klwc4mqpe6caawzslzq8uahkhls,2,295
juno1w8ptsz0x2n9q2nvq9ucunrddcgje0runj9hw6r,1,190
juno1dwswl2c6uwpuc0e6253phrnlwhm3kewshf2yfh,6,636
juno1a9ksampc282ugxlnwkzxpfwuxxjnhn8zt5wkkv,7,1212
juno1qn7vmh4f04udwzdqxqn65t8xty5mq35q0fp048,3,400
juno1hg0v47sa7zky8ngnzqrwpsecs0sdrw28hs9svy,4,465
juno1a0t8g3zqv9npdecez9wu49v7kgmulhxhpxdg5m,4,555
juno12l3pdardmr0qjxfagj8nr0zfrgw23tdh5z3yuw,4,357
juno15pup5uf57xxq3msv779ycwzkj0dncxjl4jaxm9,1,325
juno192jtny3jayrdd036vswfjrtg0fajqjsetpjtlr,5,838
juno1m05h6cde0yx6gxmw9dyd66nqxpm2jdguyup8mh,1,332
juno1twk0tyenj8qhr4gvrvh4pfuqj3uyanz6f5hts0,6,645
juno122g44kjug2zm2vv7kp7kwgady84urth5q3w63a,6,365
juno1ats4z03f49kcs0n9ef6tnj7ncd6acfvt6a7vat,3,303
juno1wz00ry0m2y8wvgju6genkkf5l57q7pzgrncfaw,2,452
juno1erl3twxayj46nwd8rxup5rnx4sf2pwag9lquwq,1,299
juno1rphpee3wsz92al6pjk7yrghjugc6d0j6eqjdg9,1,372
juno1qwe0nlkvggfceaw9nhyg8x3umwpgt2zy6rds2u,2,332
juno1yh8hv4zswz5u4fwzejmc5y7pewjxg4a6leptmx,3,516
juno1cutnmlgfunc97qgzq5uthaxr36s8h40hm0dn67,1,320
juno1fhya00nlma79csme2pmwfkk7nqa37n2989v8qd,7,710
juno1mum9sexz93mzue6d0ee7znu5cg655a5jd357x2,1,527
juno1fmjq6r96g2utj430jtlqs3cvq84vpg6g2y5dlc,3,701
juno10ezxx5jf2yem4x8e9dslg70tw3gnehj420v68s,1,525
juno1tr8xq378slgpzu87n6xeaa7fpf2yz8ugmpzut3,4,257
juno1w8mwh6av3nu73uqfawns9uz6jjnspzwu838zxh,4,406
juno1salhuxg4zl84l0l5t75kh90pmyupg20y4esucf,4,1040
juno19tvgejam067xqh9j3flavp49kpa5glcuewa9sg,9,595
juno1t5pgfz56lan46rgzkfs4tzg8594v7q4h9s6854,4,1023
juno1zuphuqt2gxdpaqdt3xuldyhe0ag978rjhgxcws,1,291
juno1zsrxgvyez7e4kgwtenwlz6hr7e7ld5u0ksmntk,9,503
juno1q62p445m2yzzydesyj3u38wuw8wcydds3pkgf2,3,585
juno1gt4vzztv0nser0pdxer2ucny7vwewxrltynz0e,1,330
juno1x2rutlpugtxllqkn7ehxcu77r8qeydp224qc80,8,730
juno1qdce5le04cueusnjf4aaclvjcq85wtp7w0ms6c,3,365
juno1wunrf2szckuhv86j0vz8n90mzfk2ckwaxuz2eg,5,504
juno1a3xe2j8vpy36dthq8ux0d9zdyazsdyn37m95zh,3,475
juno17s027yvkulk2xduqcdu9j6sl3ug32qj8qzyzmf,3,802
juno1yvxjmyp3x7e39pyn5spd5s2nxq9ernstnfyvce,11,1000
juno17a6z4l0lfhruxm3ncqyhauz7yldkg4dzx9mgqm,2,461
juno1ycvp9e0p9j8j6u3c23ruq9nx3zpcc2ylhm4m2j,2,322
juno155hk5gdenngh7tjj7795x7te8eh2tjfn4g255w,1,262
juno1yxcllge8p4dwdykegsdzc0dd93ncrdyvhgssed,4,405
juno1pq0wwt5ve43dlgmhuh49x7sjduaa9m48p75ahm,42,1713
juno1u4wf2y2c2zrgxrj4dgsn0lt5gutfnpvughu7k5,14,739
juno1qja7a30ftq4vyqhxy2kw0jdxv6cu8vl9n0x6xp,1,315
juno1ed5rjzxwhtqlvlxvc8waxkqj25823522s40u47,1,165
juno1p6n63nz678nwpesxua35u2tk0pjsr5vq0cpw84,6,357
juno16fwyx63yh65snnrswde2e6t7dej8qzyup30699,1,252
juno1kfw9mcprq9mz5rvterhwf8fyuz0q2sx43d7krx,4,698
juno18tz3wp2hml3hkg065ln58h82vzpycwh8craaqr,1,332
juno1946qch8fjy6vpe53hxz2gfpseg7pzap8jx7h6m,11,437
juno1xrj9hvrheluj5svvda7typzksw7uxut7y4wtmk,3,428
juno166yegy9udvj0j3fztt0drm32sxc5wtwtts9xes,2,337
juno1rexr0svr708gw2nl9x3qmdpxfr88dh8kwvrj0x,3,737
juno1qpzgqj0gefg6v2pk20z7rpnq0qkusjg7urfadz,20,840
juno10vhzusepnuyljct4xsg77wfat0urhefag8ehy3,1,249
juno122esu76xehp8sq9t88kcn666ejjum5g54w893a,7,665
juno1usry6x2n65e8wcp3ejhfgdwl98y4pctk0tuk6n,1,308
juno12httauk05x6djszh6z9h6k2m4acgqgjgjjv2gj,8,288
juno1tq4sva3h5p6aum2ptfz5qjwqjynf7xrnlrdf7e,1,260
juno19w3l7lyvhdcmaz8g2pfne3kjypdde0gyy5knr0,2,607
juno106984z3p4d44rlhex5wtmptfhyk2hsf28m0ewy,3,331
juno1k70gtv8fuvgx3yh045ttlpjl66s5xljs6y4f30,4,397
juno1jem5qmje8wskepea5vy3gzyqxe66p387ujlwmf,2,261
juno193fzh5pz8w49kq2vztmtv4uwamud79lrwtcza2,6,408
juno1ptma2dh7ugxu324m2ya4q2zuxz42ts2m9hhkp3,3,288
juno1vucpg2fngn2pss8ujyw0hu7w0yzssfmx3ha8wh,3,283
juno1dg372gvfs544dlppqm8qedjaavlkvvlcrsc285,10,978
juno1rfqdme2gfz3yca23s3fucxd6wwdk3ra4k7d4l5,2,274
juno1nxmm88uccpf6dg36kzqfmfkw3552gcd96hwmlc,2,407
juno1mn8hkf7jlaf0xnjke3gl29p3lyr5a6ewpq3gz7,3,340
juno1zv35ejks0rdwcxjgm3czk2fugq8ljzny8hda7f,3,394
juno16syk2t7jymy07lek4y7dea4yneekvftgy3r5pd,3,353
juno154kvegl76k7v8yygs29mzktjp4mxmw3vfahq7e,8,403
juno1jyyjmja9jv9fz2q826kqwg7zvujgz6g3e4fc7l,7,372
juno1swqcn946mvgvfpup84msgjs96kx6yejfxwe5h6,1,145
juno18we3lwrj4r4glv4utmpx3xu30zzw7jf6ncmhgj,4,347
juno1mmxquggz5mrgj0p332360f2jp2um7s9t9r0aee,2,369
juno1yscgnwg67uvtxcpw08c0mwukfyw03jrrtxhj3f,1,239
juno1z3c0t8vvxzqhtthsgjsan657v3f0usrj5m93xl,6,799
juno1yfy82r2tkxqy58jsfuezffx2e5wwstksn0djdp,1,265
juno170mnvq98tc6a46sckduss3qeu8n9683k0hdj63,5,881
juno1phtnkj0q0rjlen0v2vmjtekq5zq7p4cfuyf05j,2,295
juno17h7fh0wxc72e8qhwwhk94k2chxrqysyrzu4nd6,1,222
juno15q8u72dze7euaskhmw99nn398cjke4dzdqyqgs,1,131
juno1ne37vrjgxsmjpsuvcv88jdgp05mna2wg723jca,5,312
juno1cgqe36lv24eehkcss4xvt26nsva7waqtdltnec,2,305
juno1u2rzt737ykrru6mz97e7smjlpnfr66e2ptsnf0,3,313
juno1w4g67afpe5svymxa9gltn9dn90vveac2c47nt2,1,220
juno1a9grycnnylu2y8dva8sju527j5cnaya6dz2045,2,357
juno1gtqlqh9ajc386k9deftddj5k5703hlfpyak82w,2,157
juno1r7vsmy3h9uaz2gchfhcp40zspkukp7v9q88g62,2,250
juno1erz6pmeqqxrf2x02pzl9te78ss5xh090zsepqw,5,627
juno19ru0wzt53j7zfz54tecer2n2sdnded6wrjpxaf,6,412
juno1yqlrwg24uu4kg43c44dajfweg53hs62lsf8efp,5,364
juno17m4uf6nph8t9k35wcvprjt3zzgzxqxpxxx2lq7,4,375
juno1q6jr96879wz7j7uxsdcx6fdmwc6de9x5mrwlmh,5,364
juno1vm59gdhqw8k4wvuc0edn6e2vgx58fj7w8uj8m5,1,220
juno178xdjdfhgssgydvxwgc4jgzz8d2fwt79danfg5,2,354
juno16nan3ve4zeeepeednq9ly9pc2judtumreqgcf9,1,256
juno13n36nuhq62p32j3q33z503p8skcppx6k7g5yg9,2,224
juno1nd560spfqy07gt4dvf8r8f6xlmtrw7q3e2lcst,1,259
juno1lu40mwrrg2entmrak2dnzx38lmptkx7usdvwl2,2,156
juno14f96g33z7pmpqtewhfkce5awdathwzp43xfgek,5,553
juno1svl3l7j9my9plaahteygvhegp5ta6zlewjknwk,1,103
juno1d9w8gquzp4ze2u8ncdz2n644v6da2waxjj7cms,1,217
juno1nsrrdnwlxxcqc506mscpxrfd8yhvfxzzfg66ra,3,505
juno1vr2fyn4eqval9zkzeufv9r3em2ynx48vky7tna,1,214
juno15pfsxp9hk20df4mjgqf50fr4ljz842d83x0tem,2,256
juno148jkk6l88g3ldqsdd7fey77lq9e3gzt3lzj22s,1,210
juno142hr5heghru049w269dec5gvp85eduxf655st0,2,239
juno15rpm6hv5nkrx7lj4c79xtudv3g2wwd2fzhjpdf,7,322
juno1zczxd7jryvrrpesdecz5kyfkz8ry478w3fvhsj,2,400
juno195e6ymg7j83esdc7vxveeduu3tgpukkygshask,2,225
juno1uya22lea8x6f2frzz2fhc7pm8au7er8zvxny0s,2,234
juno108ss9dsdya700yjzvvz9ad5zaf4c9tpa7056zf,2,236
juno1qep8f98x5vfad9hv85mcj0kzsuanqref92rv5u,2,243
juno16ffhf4evaep33qm8g5ykn2eutyfzdjaxdw7nnn,2,310
juno1yasekm6nha4egpat485cz9zddkq4cfvet4apmx,1,162
juno1w5lyzrr6xfkh3k7sv9hlgfwch0znkt7ce996j4,1,187
juno1hs6gkw66vw7k9uqkj88llhn2c2x3m3rwrjgfjx,3,325
juno1mdq4lj0w3aftt9p2xzumvfcekh650zry6kzc5n,1,191
juno10uqhxm0ughprk6w35kzwae8e3per9rud3yd8rs,4,211
juno1qcjnv2725hd4l3p6cenvyvt9tdju4ecar8gwlm,5,316
juno1w875kdjh3yxxdurrctu2ze7hjm8mdp9qszfzzv,3,258
juno1fdf5suh2hwhq2m7grjpv8n38s8usvpq570drs9,4,270
juno1m5kpx8kgd0xp6f6zvlknw9msz8yf2z36r8tu70,2,203
juno17jl5stdgp27twz447x4r24p8cc99fztes3l4u0,3,275
juno1dqfgv2er7q6ndfvj4k7qhldfy3262heryzr33k,1,171
juno1ug9jl6w6w4tev3nwzewk5aae9mg9t2ekrxdmn6,1,182
juno1jt0tqm0vs9nd923vzfe0sa5xxnxtmvavytzpe0,1,184
juno1j7yspdh2jejapcz0jsfgl5ugh8z9lpm3wxt6p3,1,180
juno1gemgz4edk5nr45gc3l52ykpzm3vcf2lgwtzatx,2,358
juno1q7h02y4lsqwzl9xlz78fmygynt2fnrtytqq82g,1,170
juno1xt609svyxmntwnhu9vehnm5mtdravdeqa3pnwr,1,172
juno16zlzmce8klra8je5qu24q8pw7tgplnt6vj7k3g,1,180
juno1zpec4fpzjjz0mw5344rnzesgnflk6xxj48fcq9,1,150
juno1wwvrca5j5w8kc3agfzvwhwnjn6kgktz6rv3c99,3,277
juno12egct2j6kjasrrx6u7d4h3fdtz4e65r3qe56en,4,382
juno1clg35hju28tzdsw005gmz4t6swtl7ax8a2fft2,1,177
juno1fdesxprykuvjsracjefmv4m5tqaju8t2zmvhcy,1,180
juno1rndzhdlxtf9je9cjw98xsr5xc6pdf4l3c0zh6p,1,175
juno1ap2kp9n6qzt40fml4kxgt8yfewh8m7frnpxnc4,4,393
juno1mk0ecmgkd6rvtjnfzd0a5vt89esf27xn2vv2v6,4,363
juno1pvymn7efqhx6c3wa6nst5xlm6q4ucztvm3wfyn,2,209
juno1h9ynw8e366yma6th20mmd2zg6np9nk9eef5sdz,1,176
juno1dqtanc2p5jsuppj67rpkhuqyunws3s9f8xu546,2,294
juno19r8jzmdj39lghdt0990vv53zsx3qg6x0a4vc72,9,344
juno138yjsaz40xurlayc50k448k2vemky4agyuvymd,8,447
juno1ffmdj5c83yv7ykqned8zggnar7p2x08meqaxtz,2,211
juno1y0t5g650jcn49v66ta4ueumkd6qwxp4qenn3z5,5,429
juno1uxnemj5fwxw8tgzypl5w8ypsfgxy4nd0gdle8w,1,169
juno1psrxxzj0xc4ny0djgvc7vlwecm828nx7jr3uc9,2,186
juno1vt2y3rmemdacjwemskfyvatw5akmltjvvc2rfl,1,167
juno1tnmfwjcku84yd3qfsvfxmtdzhgwzaznayhvgrs,4,395
juno1wntpnedhpx74n0d2ajsmdl3grhau9mtza2nhxh,6,446
juno1x4eey5gll3a9j3cjalypfkuxx9h3u5ehf8d03p,3,340
juno17dsqydj75thw7g059ngmh9ml58jc7dfadqxuac,2,311
juno17a5psn6z2060l8nrhjdjd8wmy9sn74cmjxr5ks,2,218
juno13fla0kxjsqreklghww5n54qvnsut45n37rpg92,3,220
juno1n6tkx53rupjsxmp3ucr5f0fhdkyq38s66t5avr,2,263
juno14tunp4u00v92lkm5swfgg79tgt45wjqhrtvar9,4,447
juno1e2zazrmrqylx24qsd782gckp7reth6dpf3cjk9,3,215
juno1r9umzg5v8nvczue3l3l65j333p64xkh03w443t,2,176
juno1grpe9vr79625xuacxrgneqh9jp4yh75ruafv73,2,284
juno1zjj6r94cp0r3hrtnp6hrqde77uu0kc9slxtgnf,3,429
juno1ync2mt7r2v5ctdcm0x0qd4n99r7wpf35hukf74,1,158
juno1t2e08me8mw502cgsxfrgk8hp48saqheasccwrw,2,197
juno1nfm8fawdcxtlgttctd8m3rayvheuxt5n9q6ht0,4,248
juno1sxz3flmqfmk8czcjmqqknq0gpxhl0ungaa99nj,3,269
juno1edc9k5cvmms0uksvwz8r3arrq884vzja6esp74,3,351
juno1epdx7un6fk7ftdwag5lrwextqlyflmk650vhan,1,162
juno1lqcskd8chuqjnal7tm6nmp74vten223hs3k7sk,4,330
juno1sk93ccutfk5mhh8tqgsm7n02xm2uencc4hn0n9,1,161
juno149h0j5rz6fas0u5uy3nsm6a6c3f7tgvqmmp9r8,2,215
juno14e8u837fe5604x3rm3lalnadw7w6k0gqd0cpez,1,161
juno1ng5kclngtnastknsphk6e53azernselht2mux9,4,220
juno1rqcledmxs56wjmww98j53hw78t8kquvvugst2s,2,171
juno1n8sre5cuf3spfm77h0tp32uwh7gsw2ylurras8,3,325
juno1slef2ex8a878j0prx26gjrjjveurterxgvsnpl,1,155
juno1rjg9cjgpp4t9r6jy4sqy3se7w286kwqrjtqf4u,1,150
juno1qg5h2q33k3ed7cfja2zmtt8l2qxxry8qlf7u6q,14,483
juno1hly9g8xw864jewtuew45flxg3428macyhre990,3,330
juno1zk30eeeum70lyjgtwks9e6nwzv27fe0ntr2j6n,2,164
juno158khqd3hryh4er3325ahnqeu3vyh7sdcyt0dy3,1,140
juno19f374pcjnc6zmtp5r3w6knmlrgp7vzeqjck60r,4,194
juno1vfrsr30uqed2ddkcfc3w90r9m6e4kqf6k94hf0,4,234
juno1kss45fl7nfqgj7eesfxf6vguspsaygm0ujxe9a,3,183
juno1tqkkk5c0qyrt2kqkee3jmfadtxeyk6ye4ft8tv,2,180
juno1rxummaz82q0c55mhm6a30z5m8dxhqj7h0r4dvg,2,185
juno16lvslkmy49ydtyfpy96utfmg2txvygn9e5r4hy,2,176
juno1mn5cuaf9mkt0nhva7zuashg38yrj5echnt0794,1,150
juno14w3jq3p0p9cv92z0ygu3c6kknkqwylj5fsne4v,1,153
juno1xdthckrnkfv5m8ln78wqpsmtx8vl0hmqt2g87j,1,150
juno1uz532px88kwrlr75g6qkxcue5m56gmdx9p0njk,3,197
juno1n4a7szqm4gu0xegntwy245fjq8tlfh4vr0xf4h,7,349
juno1s33nzmpf27sg2f0sv9xuux24cwav5aj0gn47kr,4,180
juno1k23yyy43glwhkn25y55xuc3wy2k7sv2rnj7xja,4,262
juno1t3ka3qv9dezr6h8q0nwssgkv605tkg93ye4gcy,2,159
juno1eqstawylxn8c9dmfxzrg037nd0ej2dt5g4y0c5,1,120
juno188df9l9svg0ttyfnnsfp99k5s4jwawsxlsm4m9,30,952
juno1fn96medeervqc46zmnc58xjm8kcmg9martmel4,1,145
juno1qpg496nv9lwzgr9m69zdajvm47pv5lsht5rfkw,2,203
juno12q9whlmyf4f5vl9n0yl70std3ewk9vwvwhuls6,3,212
juno1ntzmc6ke9wgl3sra9e64qrthattp7shev349ne,1,146
juno1u7pk5wgt9cpan8ke6neq026fd6c927rumjlv5w,7,477
juno1ynyg35dppz3f446kz9cygphqyqw9ez7vyeceyv,1,142
juno1vu2puqmdjnxzh5xd4ckc72mt6a66z0efadye6z,7,252
juno133v76v8d3jr2caf66a6g8ge3ux3cqs2d2wjp98,2,154
juno1z2cmdk7atwfefl4a3had7a2tsamxrwgufxk94d,3,235
juno1l0ftwyr5lanlkg6rurk3fq9yur0dna4t6ta0jn,8,580
juno1fvk7rk5wsm3l9st9c0fa83xs652pupcm34jtsc,4,286
juno1qw6thfh6h856jc5zq7zehdqcf9d54d2m07sah9,2,153
juno1tvllpe2f7p9yzatpmyz6zhmyj4rnu9kxgyymsw,2,161
juno1skkp2dtcuhlamf7jz6rg94780aq447qz7kpxs5,1,140
juno18k27kv7qlms2m9vqswd6wf5qfxlt9tyypyn267,6,261
juno15nqrkalg2hclfesvzxahckgff9nexy4lcxjezv,1,138
juno1nq2phydaf0sp7h37466cl8859c5y6j0lykckth,2,161
juno15q9jkvxm7egl3s8gkvh0mn35kfyty8k2tnvr5g,1,137
juno1krvmjxk48qznmg4paeuve7jwws4ns4fewyfxqw,2,152
juno14vs5uxh8dacwazz8fusha8590vwhrlukqrddhe,1,136
juno1axqe3vc09fu6908ze7vcz0ns8deyszd2k06u8l,1,135
juno1lg0w9458t74n6pdqycktua50vagtmtflky7z4a,1,140
juno18y49lrd2puwjf2gdcfs80a3rvpfm5nn0wjwgrp,6,286
juno1yycqcwysxph9z8pav54prfvkluelxt48qjgfgn,1,140
juno1tg95ja5ahtsf6dzpwzahxuj2gkfgllmsd5hfmr,1,137
juno1tddv6kkva8we4f6hjdfx7d7j569keun3jdym9u,1,132
juno14har6pmqxjnrghejqgx2cz6gt7lwpksnl0hx94,2,261
juno1tnk45uvxvdsemhd0pnl5y72jl43lwwm0cn4v4w,3,331
juno1qx3emj3dxfkadehz7m2px8xsq95yl0m3cqgc3u,2,172
juno1etevdva22v5p4hsultkp253p2xdtzlyeam4c07,1,140
juno1fm7jmt7sk3nc0lamuju7n9wphja5662c22udgz,1,135
juno1f4g3qrhwtskn5f9fzwkq48fwf48ztrrhkaz6ee,1,136
juno1nllgnru88put8ltwy075k33a2q05fphyeyxfxp,1,138
juno1ejncaafxttz0erf8vlugve6cqp4u9ke7dhzf0y,6,190
juno15gkt7t56wln0sd7dsun47vgm3sna6kfq9ne9xd,8,390
juno19mvqmaz7c4lx02m6sfghdwlganqmd79mzpw67x,1,131
juno1s4vcycu8q2wjx9a7lr52wj7g4crk32wzmuzqwq,3,276
juno1ljlkv3qgn6d7zw5fsheg5pr2ad93etkln3yyqv,1,134
juno1l7pgj8cv4j5xh6ysrpn26a7mta6ulasatpsync,2,209
juno1dgeff06l4yeqdj3y67vkcdr2nxgagj5exftlv0,1,127
juno1wsj79nhlfvcw75hfejh7nt9sy66qyvp3vh4pkn,1,130
juno1jpk2snpewp5cjttm5fe6apedk0caa4dfqpr6v4,6,185
juno1zc0xspsrjv24krgmslxza4zqmtva4qjnppxf78,2,182
juno14eflcqm6rzlvauwdvw29gg2vqjmddn090hzxt2,3,267
juno1ura4hlrzwtmyexnn28yekldfdejar6cnns6l70,2,157
juno18hy6y9kh7pzqzgm5v30yhe2xuny57usnlantnj,2,152
juno1fejpam2d2dxzzex9z6psq4krwzyhvg0mf6ynkv,1,133
juno15kf8p267nysnyrg75wq02wq6mdaysvndmrrslf,7,295
juno12k5g5ctxmemldfa3umculhxqjnmksd4zuwfxx2,3,164
juno1ktx44kchyfkkmkgjpzuk7p49uxs8j60n7cpve9,1,129
juno1rp2flwax08v7cdy5wxmth8yjagfctsfw4sd6hf,13,499
juno1zxtpzseflpf20m7p02dr3cahc5ylx69txzpl2p,1,119
juno1hdsmz2kqftgk2ypa5t62aauvl0y3c2nfu953jh,10,404
juno1c3fgjpycpenu4xwp884vsj9vc6vr3qpwmpem49,1,138
juno12atrlf0fh44pp0j6yd08d9zf5ggx5lcmh6xa6g,2,158
juno1decukz3utrjmj0xu2qkpgdjd4stfav73tl8gdk,8,422
juno15nv60fza6c9s256meksspp8c8qgv9l6nagchee,4,274
juno1hzt0k2xrwk3uu29vskx5ttnkvw6946xnwnzzfq,8,261
juno1uujtkcmur8dn5f9lp88l0caxr3vl4g689uap6e,3,199
juno13su805cff3adt5apwkmnwhtyyksl63q29vm7g8,1,100
juno1lhsw8g27rs97rnhmfljukkr0j5rv4vpn97hyjk,2,152
juno1qt4jy9v3mhvex4prsnvsef368jymk88mguqt23,4,475
juno1ykxymlz9ahqd7f9c0my47ndda3jud3mep0yf2a,1,126
juno14nmf7rj99rpzgpd90mfg9mfxlldmg6r7635jlp,2,188
juno17y5l526t288m4axa7qfel703xcqvn3x9krz6jl,2,145
juno136urlkucvnamnkvstxg5ccp3an48m2zqlz7gmv,2,136
juno1ax7prn6xwg899xe93xjtj5dzuwqfv5mtaerddc,1,126
juno1xak52rydav4k8ajtahllvn0qvg5l5u9xj4pdpa,1,122
juno1mg02f74876fp38g6qfyjm4qma3jv6dkq5563hc,1,124
juno1jh776rr2paeucehjv4qe2u8ytwx30amttqdpsh,8,371
juno17enhel6x2r8jafa4k0uhmqnt4xtp5ltn2624dn,7,318
juno1y79g7rphwd0rs0kr93rllxhgrngy2lwxq83prn,1,130
juno1z6mm2l43mvdfczn0glel7f3q0pc7zvmyjkq7rw,6,379
juno1klm3j4dm0edxxlr58hqu2f9kuhc4d65n0m3msk,1,130
juno1xax6jls2gjsxwslyerfau5f5lgtxqnz6d6l3qj,1,132
juno1ehkgs88qrqa7g4ssd84u76qzpchgxwwy45dn9u,3,266
juno12ws5n4905lsy8yzr84hf79xrv3cwxapr8wkhvl,7,456
juno1uxpts0eedlqg785lfx4y5xrfhuexa2z7r4am46,1,132
juno1w02p95wuatuce4f688w6k76npp88p683wr76lv,2,195
juno1xshcw4wjm3kkekgevg8yfewvk6dhnzsk795yrz,1,128
juno1gmhjqzxkdn237rp5lewgwq3jwf9ycuq64s9ez4,10,502
juno1l8ldylu4hpf97dwhdt98hcuk4c5ga6mwtyxqvh,2,174
juno13na4pgg8yy7720g9htzkf8ejzdf7pd4zu9rcgh,5,238
juno1kq8rj69dhqqm83pqcd6ux6mgx0txnnkl93gwme,2,189
juno1qer6r0d4tjtzzlveatz890f9andu6y6kmv6hcg,2,142
juno12te44ds3r9r6jmtpdh9s6fa6zrfz3m95xwzp8k,7,599
juno1xfj2fzgq2xaag7xuy4y6yccdau6tkfv5j29z83,2,184
juno18zf865lv4etqlmhzmjnu7j5tceqqd2ku32yjm9,2,182
juno1z5geczjdfy5zmh4dpvqkfjnmfgftwwqrypnslt,2,247
juno18yz0mpjjvga286hfr4drjgtgng48dcx7rhnfu9,3,184
juno1mmz5hhh2g6sevry3lhxknzvlrkzu943ss9zwcn,2,143
juno1cv6arcppswvlz6h3nvru4zzc4z388vqwrxszgs,3,153
juno1r8fs66a4frcq99zvw9slhmpkjld7kye8ezvmhe,1,100
juno1wtdcsxn8jdvxqyg5yk33cgcjn4zupe9325mc4d,1,123
juno13tqhtr7m67zw0hj7axrw9hap7dfds97r9l7v8s,3,151
juno1g8zs80ucek0jsm4c6uw2rd8gnhltd6e29dmayj,1,126
juno107rjdrvhhfdf2gl8g2aauztaa42dnj2nvf0zsw,3,194
juno1u324nw7f2kemd8870rt0zknfr3yw7cyh9r8f39,2,137
juno1a4p9x0yaxta3p35m2yuqkl607k0ty5p6sqgj0k,2,142
juno12ee2r7ud2wqwmpm9elr7f7d9z2yknaju2wxzgw,1,115
juno1rt6quvjul709z34x3q6equv0sjsxgd6f66e9kj,6,318
juno15j4ph8490rumevnlaxtz6cjt37xafz2247h7zf,17,399
juno12ppafw4jdyvef8p852x5w2yy3peqeg896tefjv,8,369
juno1nqz8huscl7tk5ewp6pq8d8czh3g3fy6nea8rq2,2,125
juno1zse0737ecn5l9zl5rt9xt6l9j8dg3q39vc0rzl,4,164
juno1wm0ljkruzjs0rs9degag6xaclesl744wer59jy,4,216
juno1x5w3z8q2eczk6tr48v7dah28fjvkm0hunevj9l,1,118
juno10jw266hxf7kguf064ld2dyf8k8aasan34js250,3,304
juno1u9w7xxss5m2hel2f6a36949u0rk9gq87cefvkv,3,263
juno1cyyzpxplxdzkeea7kwsydadg87357qnaf5xk87,2,206
juno1xjya4frwgzr0ca6x0sdjdcschrsnpum497ejqa,2,178
juno1tapjtvaas6h7aludtf59zfq5s8u6y9njs6qa7x,4,235
juno1304vt66qjuqqwfqzh5y4tdhfy083w4rmcar3u0,3,286
juno1m38wjhwftexfjhen6c5m87xqn245vtyg8j6pmm,2,123
juno14uakm6gyzwwkkmp0d452aurq49wkwc8uuvm7gz,2,137
juno1ptcj6s9gtadzx6snhedfczra35vngywr7y87jx,7,301
juno1kkd7f300g7q83d9amzfaftqca0zq29ajm95s04,2,166
juno18aaxkzun6llm7pvm5p6ngmhwhxpyd9jky68yvh,1,116
juno183cawddfj9pp68zhsgpk3k4mvk3s3tklke865w,1,87
juno1v27jv06wujv6pfyhmr65cvpma3t46mwkednuqy,1,101
juno1w6d44v588lkazqkydw7ueujluw47fkym76e84c,4,164
juno137s2wjalwt9eqsgl2qnwl9n37s0x9z8264xdfc,2,147
juno1d45p7h4csp3qka7cd5sthuycqm7qazjjdrlvq0,1,107
juno1e5rnvj6xp4yx8c36qs3vqac0lll4y9ym3epesj,2,114
juno1d2j0aj305l2j9sx8g9dzfm3eh9gt7a7ypps2wf,2,134
juno18zes53rhz7guz7r3fqxae5dyn5gc2245tnp7wd,1,111
juno12tpsf79q3p6ztt0lxrhc5urj463ly8ml7hv0y0,1,80
juno1cyrznsawqjgerg2fsvpetkqq0fezh8z0358jtw,3,157
juno1u9el8r3v9mrka7gkre0c5k22gyzq83wspe8u6q,2,135
juno15cgrtxetwssy8397qjkl2ezm5e0fmlu2rlwlzk,1,105
juno1t5wfadj2gu5ea90dh38cd87p52lgadr27rrzm0,2,135
juno198x792u8d7qvaer5458p6szpsvta0pvekepm0a,1,101
juno1rpnw6rsy6pyltym8cllpwpq0g9l2hlxtkjcdtd,6,285
juno1xedphzwyty7rd4d2sx0kgzza9098zjjmn98r9y,2,175
juno1q5t0g4gyxyc3dgum7x23qcyvrmn8kw93dr4mkq,1,99
juno1mumzgqekvhvn9fkzj8tajen0qw9j7lj2netr4q,1,96
juno1jqr2ytkyzfmdjksltutgnyjejf9ztcfxthsh0l,1,100
juno10j8l585lg066r5rwgzpsf9h5k7vr8vfu3pn23g,1,100
juno1gkp5334gwmtlc6s9t4yw70s2ry0havqhqr47gh,8,237
juno1hrlfx65wntz4hchmuywyq3xezqpjv4dsgaqlk6,1,102
juno12tmykez57sta02kqx3trd4xaa643aacrmuad3m,1,70
juno1f9wqhy7jmwnzpstr2xuthmau994pf75dkeyj8g,3,132
juno1cd08qh95chvjjhw5a6j63lvq7jhtlj6vj4wu2d,6,179
juno1jxkvwyc2mu592jzervh66yyupmmhzsglxwyvhe,1,94
juno145kvyy7njm970wu58ytpv38caxl7yvm58cav3w,3,217
juno18ldeld2nmf0aqfqlglq8zxrwh8ksvq6gjnlj35,1,95
juno19tutwdztw6rty9dnz6awxw0dtnuztytj0fjxm9,1,82
juno10swmpraq3q90ezeelc3fvdf2gvlft2zm0jsdwk,1,93
juno1kxpfnesq9vm7z9uwnfmt83pwwdwgc28vk6hfy0,4,214
juno147dwv8pvlgwekmp3aa7m5pc97etndn4adr0mf9,3,185
juno1gkw9h6da0kv3kxxre87zuyhxwv76hc3k0fjz58,1,93
juno1yzmx76s4ql4zj9yd52xzdqk2adz9sxpkgwqvaj,1,83
juno13kkj0w7t5ae3nlh79wml350un4vv55dfxyaat0,1,85
juno1m2yzfq6lzu06fjq568mgsetgcccy28knsmcxfg,2,152
juno1zvu4840c8sr4a2qcf5xr5v5pa3wg2yu7uqr5ag,2,106
juno1n78l795esjzl6pxes8d3ad3hdhx35gse6mm4lh,2,109
juno12e7ryh3z4034zd398lwudmyvkm7hngy5vhx9yq,1,90
juno1fxjuk67cd62hxh0lyqn7xu2v5vqn27ead7t53d,2,167
juno1t4p7mwr0g4afs2w6kzn3whyjzc8a89x9f704s8,6,337
juno188pmlggy0w37mkk30mj0y39sgynufkkryma6w5,3,88
juno184fyqmewxly5fmz79zndlklq3asnqke2fdx3aw,1,88
juno1ghgncp3zacsafp6jq95clj7ugv7retcesdr72t,10,513
juno1d8nee5yxne66asn8jtx6q2htspe23sm220xg3c,1,89
juno1958prgre683fdtcd3ra649y7x3mhdyg5cldzmt,6,220
juno1cm62hp6z0csdys0r62rtma8x2praf6cewt8ask,1,84
juno1makxttzr7lrls4qn72trkx26vdnlafz4ygpk0c,12,310
juno1t3usy5x8xfggzspknnka02ny7u65u6k083wqn7,6,207
juno1a6thd5khmu2uczleck45nulzqznuy0qv79w88e,2,88
juno17jfrzwnxynrtms3yeandqrvfr8h3ejt5lz6es5,3,157
juno1lnhgfd2lf5azaqacwezx93ldmhvzmsjgddtcsy,2,124
juno1t83h6eg69qz67fchtt9w9tkpcju27w6pkp7ax5,1,82
juno1kel748lfelp5ezs0hr44wrqz08nhwsfg7h2xcg,1,79
juno17ehh3zwngkjwn7xsxngmc9x97and5jf48wqcw6,4,170
juno1zqrctg5u8n2v9fw3mj6n32dav8aff9ymlzgek5,5,257
juno1zx90dztp8f9kcnmg4hggvwz7r0rx0cjk3549m5,1,79
juno1llu9f0yzs7n9x9h96thvj7s6254rlv9mm2d4pr,1,80
juno1u6t28fqen4luydawxzudathdp0y8u64lep343s,2,92
juno1lqy26xaqsmch8g4jvtzqcwumaapqpnszk7uxq6,1,83
juno1dpp2nlfrvlha6uu50ln99expwvtetqgk8xe9aj,1,66
juno1nxreq5qr8hyngfsmxzrdq2jerydkz4cjwjw6pt,1,78
juno1m3dl2f2raqcpt7cm8t77wyv7mjylwj2k0cmyc7,2,145
juno1tg20eujl62v226h0404thnu4pu42rd8vypt35g,1,74
juno1wrl2esgyr0gxl53rjv0jy5qtkpqcr5r89mmwyq,5,183
juno1sufqfs2qwf0tsf43wm4lt0udtdas36e2sapmkl,3,210
juno1a0gvufee7yuuds46ywa94ztshk0kmxhk20h95s,1,80
juno1njk4wapl0aydg745936e406yrc6sltyt5fmmcf,1,80
juno1erlxg4navratr6suncjcas0x6xh7fhypqarsl0,1,78
juno1wh3nwe6gcgf3vld5vlfthjqk40wxkh00l9mqfc,4,138
juno1t6zsgehhpnscegngltkw29w7ged0v2kfnvgwmr,1,80
juno1mv3qcqdtlphd58fmu0nn9znpl372lncn85zjr2,3,137
juno1se5z2ut3yyrqcx5x7m2x2qrm4lsc8wk53e62gj,1,66
juno167galqq524qcn4qjkzr8sc2tyjc9adjr6gqm9j,2,92
juno16mqdhajhl0nd46c9ttr6kam6nuzhfa0ne58h6g,1,70
juno186aemtlgrf5prcw4k5zjhxsadjzljgtfg8mkt5,1,66
juno1kd2grckh389wgq99kv38xz7yz3r5qyw0rarrc9,1,67
juno14unl72745ru05lfaxpmndl3glqxu96hx9nehly,1,76
juno13m0h2k33x7ra86gddntkvvt6xqyjhhng8yga39,3,107
juno1vkkzlky7fa2k9slt8j2ycdss9acchug42dmeyq,1,71
juno1jzggl2r4kcuc06w7du5pq85hyf3g4ftf2m4g8c,2,101
juno1kg4gt8l0twqjuhc7rzpa8n5g6zs6n5ggcjddrw,1,60
juno1h6gt6atzwl3vvf9megw0ytdlmeume7pgrdcmkm,4,244
juno1wvqwjpfqy6w2sz8ftw2hpvwnfa2jz22323h9ty,2,96
juno10ay2aezex70xthzvzaz7x0qkl9jmnce52y0ylv,1,69
juno1q9uz3xdekctc7wmnr3crqk3mqj80a9l7h346vp,1,71
juno1sd04p8n2cgg8wfldel9xpa9d375dpzq6kynwqy,2,122
juno199w33zgnwmceussv7pd3ne585hr2mv23eazqgf,2,86
juno1jwkq4hwa9ttr57gs36cfkfph5eqkyajcwyfps3,6,225
juno13u8lcrscw0a92rn998wp7ductzhffhp7hpl2h4,6,230
juno120l3up9s8nwlmyr8u5n8xunu63l7f6dpsmqtgc,1,67
juno1gnf74u7n4tky926ln2u5s50srzr5hnu5dazctz,20,522
juno1j4puyq8jqa8glk29s7cteanmudvs0ljxx3ard8,1,70
juno1qlwt2nk08m3hq26g2lhjqk9mgarxx0vmhjjusy,5,119
juno159d5k2aaeepvxs3f7cv8uapeveh9a5shf44k2u,1,40
juno12mfwvxhu7t5sly234wu5zg94xhjt9hskwcvscq,2,83
juno1px6k83rvduajmergtvtwvya5d9pa4s62qke2fy,2,81
juno10rz2079k88ps3klyjkqm6kdyr0jgp92fr9vckn,6,157
juno1483ntdqlhs9xetmaym55dswheej6xyf42a84c9,1,70
juno1l0wgcqgj4egc7r5q7atf048lxhwyz36g4q3rm9,1,57
juno1prrr86jy6v6a04gfp0tcnz5l280jf7vve4tgv8,1,40
juno1eg0snt22ygs9l3hsuu20cd4ymq5rxj7mprs6gf,1,64
juno1ksaczg30d7cxhn40m6et5kgmp4cfqn0rf97pdt,3,102
juno1826jwss5hvyarwpy6f3gykuw3np85ucnd7m74t,1,62
juno1gtgh8akn2vg74c5cpcsqll3d9ttt6v9hr3gmz9,1,53
juno1c8a3lzzskfvdll5zrlc5kafcmpld68gu60vc7h,4,232
juno1chyz4xddpemqz80udmhedzthcjfuwc2m4fdskp,4,125
juno1d0svjrsszwxjz3ejtu8k8hkpmj3f7vxxlshds5,1,61
juno1whe7mem04uvc5m3p4hg4s8702mkf409ta2k3hr,4,106
juno1mdxk6pujgen5qzrnyt9v9lgvuqtgcvfpk23apv,2,113
juno1n5wnw0eklrfspgfl62xw5y957xxvasajr2f8jq,2,87
juno1hazrk03f8tzkmueyh36k23xz4udjqnaeq9ux4p,1,64
juno1x278pkcs5t3gp2xlkeyzt7lfaa66l2j6389397,4,106
juno1svkqmzsjp0dp2avu0hxc28tanv20ffs8xea2vx,2,78
juno1ne9zkxqtcmtd23ypzua583k2a8u6qgez5le2qd,3,185
juno1mkas5ff9333tfrulu5hqh758le5j24w6av092l,3,94
juno13nlsvh4g9xf98z4jh40ppu0ua3v38ts0pez42c,2,71
juno127rm8pzvjc4x0h4ulnam8pv04ncna0vv7v8uzt,12,384
juno130grss6q59fgcwtalt799tjl68cgqtywltdev0,2,83
juno1h5cyq0fg98gzlgywurj6wfc64uwz3458wfw44z,3,133
juno1wm2vq2r6ce7ll0haxus673phqed679mh0svehz,2,103
juno1xrfkdd6pamquamlqxvdlmh86kn9jxvk3w552r0,7,183
juno192g7syjxlqfwpk63y5l0yfxcvetjddz7tp62wc,3,105
juno1w5h4fh48p3x8tkaqt0vdt49vnk082s9v07rur4,2,72
juno156906s5kk5cy76l3c6jt4gwhz5n6xa6rvnxsmr,13,354
juno1h9rn79thtw278ve8sdtjgjmvvg6azfkp96kr3y,1,58
juno12w54p6k0r45wfrxy9d7vxzaap60d2jfqaq3xtl,3,128
juno15kgajmpg7pucn8rj3257htxzennltxrs07lxp8,4,197
juno1tjvl9uf25m0vr30ezh4s4rlkh7spc767naccuy,3,127
juno14rflakq7y2zn53naawszt52pu0rnvxg5exd4a7,1,58
juno13tfhmuaut4v5wchv8n80een64ny24m5adnd2w8,1,58
juno1cmpp4m09d6huduw742pdq3j8693c47ms3rvpuh,3,103
juno1aa97cpunr9ejemtcqus8039t7swt4d0hxtehgd,2,114
juno149dxpdfpplspgpwpleaecectxqv6hs20a5ud5e,1,32
juno1e2p8k5s3mug570m5xgd2gcevzyj29n3zmxys4e,1,49
juno195qngjva9p0l2ayk06yl8tqm9yxdq029t6r9cl,1,62
juno18f2dcs9qyh6nmkt8ccmtjds9xwqu2x0s87h4cl,1,53
juno1u5n3u06km250s5x460vdc5au0ur0pa8p2c2c8n,1,59
juno17hcetvaskfkp7vxkpq726uel7vuftynj7xfsax,1,58
juno13nk5msddtektleelgpe57qyhyetxe0spd0r7p3,1,56
juno1k3f2we3vcgkf2ysme82je5zx29jguvjte5ywhr,4,147
juno16l679243y095urdsm0ymazx4gcs886k8dpgfnm,1,62
juno1m2w5e6f0ss8u4hm2n7llds2x8v67yjuhjkvxeh,1,58
juno1x3eu8t8u4s6wy5ynkmrdd3z5nw76qw5jyqqukx,1,61
juno1nnj7f2anlskm09eklwmwjypnd2erzd74ue06nl,1,56
juno159lx2wlwuxep2szza538h9qmu2003jmjy6ll4d,2,77
juno1f6g3f0yj9c5fhtca4c868jw2wzmml2ttl4e5ym,13,455
juno17567ke0g3asrft760u54e8mxaeql8qn7nn5epm,3,92
juno1lu4ngrgfxcy4mjzeppultjg9whqsmpwfhlaqz9,10,330
juno1yhcaej6fx8gn3k0nawferxydn3w3yzd5twydd2,4,113
juno1upsag49z9q2hc9mgv0qus5vck0x44jtyyyl48g,1,61
juno1mjzh9uf0ukagvwnxfutj3dqtjyz3gruzxrrzxn,2,114
juno1qrgx05r4nyq5mcfkn75jacm73vlm7efwakrz43,1,54
juno1mc7qfvucptsxgtjsaypa3q407ksd23ak5x4xdc,3,90
juno1hhyp4w5xwa8vrs6e9mjs0gw8mlu6a74sssmzs7,3,159
juno1gg3tn4p9dqzr8yefzzdzmmf42g5zatd9uhk7sg,5,139
juno1jeqg4z0fpecyvuwcye2lpn4d62s5r4qt6jq2dw,2,82
juno187lzk7llt8z7wvcduzsd8l3r6e00k6h5rz7qad,3,130
juno1djzjrh2d8tkstkzwgljxjfzqzpj6dyu2kjz3qn,2,124
juno1pstdpgausad2na0j9cwhv6j7ms9ygawg0r2wj9,1,55
juno1cun6lc8trrcfdwcw7eyw8nj38449dzslwmsmmc,1,60
juno1qf50hd0k52jcelaus6f8e8a0u656x7eyuezegm,1,60
juno15cd449ljv6plt2x8uyd5xv0xmaxpx4uyzt7a9t,1,60
juno1fngj4qzze0stezv0uecrxkgnjtqf6x8kr9kmwz,1,63
juno19rsj0scvc0jt3le0ha2k29pgc7228jl5jcdgvv,2,112
juno1f9jcs23jf39j0dj95ntvknd6kjjzvprr3pgm7q,1,50
juno13d8mclqut9ehdv4lj2c247t43tnpv33hvevq38,5,173
juno13nyjmpz40lh9qtn0wq8r03s32jeva33ajc5prz,4,146
juno1esfcgcvqe09nexsqhnfrsnyx2vpr38ltrlsjkh,2,63
juno1l5lr79w84d6a40x3eghm09xz4psuaeezvhmr9p,2,65
juno16cemgtx5cwuxzfprp7zg96pmkpkhzzyfh7yhsl,3,135
juno1scrfw62rxrphygtvk3yzhjuf3v0wp6z70fpvl8,1,50
juno1lc4sef4np2qc44hapckyy80ntlkxl48hhnwflk,1,55
juno1pskqfjm2x7h6dva6ehwrywc0jkurzw88ttmaeq,1,60
juno1zcgvnp0mpdqy8z9jhas4ezryethsu9wgtfgw0n,1,55
juno1nezfym85jpv69nt4skev63xza5zcu4f4tmp227,7,390
juno1h5khxdfr84flj3jsg2wmhzkxehdy82rc0e4deq,4,174
juno19sznce0m60kdv3ltuaujj9sml022tn3853fglj,6,133
juno1qkrv9hapshnt73y2d7cxsuaqm9k2fuy558yw2z,10,203
juno1nap3svzpj9g0w98fscz56utaqa703wnr4fn5hv,4,236
juno1reydp39xdgll8v0873zrrxjwgcn3s3ragplext,2,69
juno1t0tljj3ccmp3l7awn5gkwsm5exytye6aevqlrr,3,93
juno1fhukzh65awek5kyq4l5lu8zcpshp2ntvgdkp2y,2,78
juno10lwm9ely5sxfeeq6jc57lfxv23700cmpeuekf8,1,50
juno17mdwskjr006gdv2p2y9sgp6zlqqfwqf0hw3d8z,6,151
juno1qeu7uxxsthwcxcevzlwatjfnvew44tnlw5qt9w,4,78
juno1vg9jm86m5puqmsmjgw87wawagl8cd8yyrw9fdv,1,52
juno1z5e78t66wwstxte8mxuad0ap843v8z9xq85w3e,9,228
juno1ysmww577yy7687ucw88ekt0upwp0dktzw74pmj,2,71
juno1puy6xazuqf453mskg32ruxvlln0wsn8uq5kpj9,5,189
juno16cttawml87zvpspfhh0zr5d4dyfpgd5afkc3qs,1,30
juno1v5k4ht6z4n6ua0edk9ug02tj8n8h7mzn3f5lsl,1,48
juno195g7yjute68afs84d3ur6v54nn54gf3r00gxha,2,80
juno1zpzjf5u2mec30ss920zyurczck3snfqag7rmee,1,47
juno1xte2uan9vj0v2va8h42hc82t7ukm3z27pn22h3,2,83
juno12s8fg0z3gcf7nmsrsympvt3laxfx5zj0dyxsyf,4,149
juno1ezgnceshehxndazy60fmfu6m3tjph8v2r87ygz,1,50
juno13pllre6y4zqycqvg2r8cka746yv92np9539gag,2,74
juno1vywjcpqetww29zq23kfhxj58la5wjdu6jnlw0r,1,46
juno1cqamn0kkm7598rwn9kzwpfj0vzecjn9mr82mtz,1,55
juno12ew4jq3thxauq52yug4c7larpkhgxvk7y7zc2t,1,49
juno1g8lq7lvlzxq0mlnve23hzgcvggl6ukwnk7x9n6,1,67
juno1ethwl2ckp5n0y3vc73ejwr0r4ff48nv0mtvxjq,2,67
juno1tam7rtw2n2trjhnsjkl3yx7ncyfxvs2r6fqwwl,4,215
juno1c4km0ma9zx2hh399tsx78u3xmu46n0gl4mm8y3,3,90
juno1t63mp94863z7l9e95q4e8zgqgsad3ulukfwt3x,1,57
juno10jrqkgzw8gcr63kvu93z7l6cyvx0sc3ya52kjt,1,53
juno1tntg3chczq232cgxdskd2z7sx24peqjved9zeu,1,49
juno12ksv2xwzfwxpxaspww73tj9x0st29daaq6naap,2,88
juno1zk8lresywxxurv62af9tft4tggue86mcjt9358,5,214
juno144cklxkkraah2u0yek3af6p049q6aquxxkdqce,1,49
juno1f3gyfe4p86zy9a0faa2wfcyck6muw6749z9995,4,102
juno1hvjym8s6z7g0twm7z9ala9at6r8culysf5yjxa,5,157
juno1lxlq2u39krsswn07jchkz0z2n28h38hwtvvekp,1,58
juno1g65vy39hsjjwc74j7xvl3qqfdcglzu52766p8j,1,53
juno1dyphwzw3arlspl0n4j2qlyqnx3jfdgxs6ptv44,1,59
juno12a6mrygzmue3fprs475pq3hhf8v5rz9t3u75pg,1,61
juno199dg47xtwjef94vlsjj90qwm7f47qgqc0lgkt2,2,42
juno1xgzan7sa9ngjdw0rdnez2j7g3syawxpzfk8meg,2,79
juno1vjn9077y5ad9xmv2xrhulc6v35pa3lcxnpl4em,2,117
juno1mxgte9hpankmzl6x6lcpcx2uu28efdpl3c8hsu,1,58
juno1evla7az5hw00z5x8rsnp9auz6x4pmd5nmqedtc,3,119
juno1w9kw97hydl5sljxcsmu6558u3dvfx7lsx4n5wz,1,53
juno1xd7msw457czev06cawsm5h8hma8w5wrqd5r796,2,88
juno1c6nx9qnu9w57jaffeyhjpzph62uyufgjgx8vf7,1,58
juno1ruem92ntkp70cp7yvlk9pasaa6fheys8z0fyyk,2,69
juno125nkhdvfwrt9qfleypcggkdwq2fmfgz5d6pkgj,2,75
juno14gv3t2ghxaas4l8vtz3pxa465suqh509lmd4l9,2,74
juno1rcvn29c2wzz7cpwy5sm93mydg7et6du4hvv72w,1,51
juno10ky6427p383gfu7g2psszxsjgx8t2kzetc9fdj,3,83
juno1prq6zfdevvp8lattkncukjjamvuf65kg35e2mw,9,221
juno1eldctgmh0vm85hjg2afx4pxugt05xyhxludlq2,4,122
juno1395c99vtpdzvrus2zwymjuueghx35peg9vza8v,3,109
juno1gkgvvvmll76mssamyte0h0svarvhggg3t2rqhl,1,55
juno1w73tt0qa6d0jh8dryapf0mdcpxw4u3qdv5ccu8,4,88
juno13h9tr79wvd9pvj4zgnwfl7f2nznvl0r3m9veye,2,79
juno1avt3lz340xwysjufl0jtfqm2pgef9yde0umw2z,9,186
juno1xwh5zmelcg2dymdhp6c3s0fr3ap4a2wnzaz7sh,1,57
juno13nhgt0cuy4fyvqtv5a93x2x5v8zm6nd6lzsdkv,5,114
juno1gelw78yvd30w5v3mwljk0xue49yme762thlpsg,1,56
juno1ferwhfvqrhlv5w5hw5yzxltlfx2fde7tvd5ym4,17,389
juno1z5a9pg8tstn2aa8j8epsdgl72x6sd50xevjdqc,2,68
juno16h0jgc2p4cesym94ppmwt2h6r7sjac2rx89zrg,2,69
juno12g8caymr4c52ytaqre253zd42h8e42493l6pk3,2,114
juno1wftezhyeg03jk2qkfk0kad8q7ns45495q2cw7f,1,27
juno1hje3a35cd7x885nrwc3v6dqlz259pcs4whsmfg,1,55
juno1apl5edxpz6z0ccdtyjvcqrc6p9f5792n4mf2md,1,45
juno1u5a2rdc2rentnzl8lvtyl6eh4hmurknwmjr6zt,3,122
juno1ht8r604kt49uvuhvh33gd2u26uhtvnv22hygxd,3,88
juno13upnnxcrvus7njwj680qpm4n5mknq8her0lpyk,1,56
juno17t7saygjlzj7eqe245723q0m4xfr2erfuelrcz,7,151
juno1g3mymyvf6tu9z6s8c4ctmjyq9xmw5mqg0ulnk6,6,187
juno1eeuvftdxk27efmttn8hpd752j6vazkzya5x7cc,3,97
juno187al5thmkzgn3dw0wuzmjkmh2fzxefl9wh83xv,1,46
juno1ax3yvft4ga6ulwd5mlx63pwjdkj75znhncatem,2,68
juno12vwh0c2uz4p2mr22uh8wrepf4ux2gz30arzyxg,2,73
juno1c6qypwp802l7z4xj5dad6t5p5wx2zecekvjm94,2,80
juno1c8p3calztfagaq56486kch3vtlk0affy7z5mkc,2,45
juno14sf90kam4vqhfdnfflm3932emkmqh8lhqxm44a,2,56
juno1nxyfh4lj3jckjke7fq5qpyuduenmcltd6tlt99,2,112
juno1a0g8e3ussjemm09t5vedkp9yaarefp5gktm5x7,1,54
juno1flgcde6tlsjs03ury0gkkc34zcej8hgn44yzdc,3,90
juno14mh89jpxzcl9v28ytx279xt67zfalhn4zw7vc2,1,56
juno1s4spqlar0fsmmyl5grce5rydkwz42dqens8c04,2,87
juno17n5a2p5vxt4pxnm5l5e7jyux48c6l8u309yrx3,1,52
juno17jzl85x5mvumkzah8hd8jspxxu7ls3hx0nmlw3,5,179
juno14k406phkaeuqsn6g3pntft3ycujcyknt5rswj6,1,52
juno146nfgxlnqdyml8whz5ec7ajq75c3htuursfj6u,4,104
juno1hnckhq946gwamc5ex0853rqd6jrkrtuxgqvj4g,2,102
juno1hje9p7cuennyzcfj7uu8rcft9wfhpkyz2xyjnt,1,50
juno15pn34g8q7pg520yc6780q7thdzfp66nzevmlj3,1,54
juno1qx0h3mrvq88tlres585d5q7n6ef3xxg0j96f6a,1,50
juno1gszd9jqcj44hgl399n4wgk5v27n2n0xqlwc2g2,1,53
juno1t03p5a953l6pu3eufp4vyq2s9plye76rmuvshw,4,110
juno1l2eh60tngty6m806yy0q58vtvsg40wjjuv4r5q,1,47
juno1w0kvchpswphwql3mzpl5kcfu36jfvq62helert,3,109
juno1v62c5eef4s7ejz5h9m49r4pxqw634vu0ppuju3,4,112
juno1gce955slg5umj6sfesxlcs43zahdyheat7qhjr,1,43
juno177n0n7zz2je25znhda69qvsnd6t4p5sqxcyrnw,1,55
juno16dxqfv5s4p98gyn6v4458qpgl2ws96jsrvncr7,8,222
juno10mfxtda4s395rr9jkau0mk67hhsq0llr5d4sgt,6,181
juno1yhp8jgmcs33hfu08sjjl09zw3pm356rdq0jmw0,2,74
juno140vx8zltvp88ahrq2zee4c86nrmxwsn5s69uad,2,55
juno1l4xgmm9yx8te8c9dl25pql0asvfxzdh8tvsmr4,1,55
juno1ma2wxysz8zmsgsaam0mfs795r2sejrx96e6t8c,3,103
juno1cerae8nhevv3jlq96w3x3wk3z09wfx5eavxdxd,2,60
juno1zujhphf37s3g6kd7axsuf7w85m23y2r29g3s0d,6,148
juno1cnpe636xaeccmgu866gs7pwm4uepnzaajcv95k,1,55
juno1ghzgalmnwj39d4q9mtu5s0ugqwkwutjcepec97,3,89
juno1fd6vgzze8hnfkrc6fstqkm2t92nsyemuh9krrw,4,97
juno1nmrms7phz4cnua9l9zaxy8awrewn33c7dzljk2,1,45
juno1aq5yv8pqghxtpwngmfwy33wpudkjz5vv4htmlr,5,155
juno1t52c2g2f2cpjsdhedkagedmjmsaz9dd39p90sz,1,46
juno13lt3u36pxyr8hamp5f27sff2ejt946ydmjqzra,1,50
juno16nx0c2ay0hw2edasmuc5c2whnza6jnfpnyr6h0,5,134
juno14p03pwqkrxesy8wcdx0jutpqqnk5c9ms2j8vf2,1,53
juno1umc8jny3che0htmu7gtux7pvtyfptvx7gr83r6,2,83
juno1uajkd872jll96vw6qqr6nvapfm6hr976qrxfun,1,54
juno1asvyddzldu0gkvk02tmqz5u2ttljvxhguz2rd4,4,107
juno1gxe0aq7wd3c0ufqy8gmw9sg29ed4q9vt2mt2tz,1,50
juno1qszs2jtgvgk7wwfr99p8ksspghlshnqwchkfvk,2,56
juno1ajzsk5n0uj0fu93886gcxnx4msz6653y2rwl84,6,178
juno1r5yakr0sm2dx5lhcw9jlnnl7x9v0w6vxnkxxtv,1,49
juno1mg28tz98scjuhqu7kwm543va44npxvgdpm0npe,1,49
juno1z5e267k38sfynr007l2emzupd8kejvf9pyyk4d,3,121
juno1ss2hl2y9gpzz84wrswn7fstfgy6wm4w8z8vt6k,1,41
juno1m6nj3u4h36steyumz9p9fq3mmz676xmvlxtqsc,5,114
juno1j3lc556feq7jl498hy3s7h4nn0cyvps3pgez9v,1,54
juno1u4f6glgsrgzclgjuat6jappvn5ejakj25pejjh,1,47
juno1zuu7qyz0a7tn5wn0f4cp5ahkv2c45z45d8eqwh,4,86
juno1rjz2pt3mdhtlheqlzuachfd2w8amkmjkkpkfr7,1,48
juno10srt7fdcrylfyu5w2srkej2t3nx9rchj0nn5ur,2,66
juno10y942rkjyplj4pzp7nulctv65frs7x224prrlh,1,47
juno1tsgrzzr33vm9jfhezvhzkpxwkwe8dlg3fe4kqa,4,113
juno1r7ydgqgjkhypsenp0mn9jmk4uc5pwdxp7dj853,3,107
juno1t0y6ma6pjmker0eaeqwpq36sdy76468carxd7j,4,93
juno152j6dazg8cs39jzylp69scnwh94ctw3k5c0s8t,8,167
juno1ygvaedvgxdvxfj9qada0pwvdjm4t75xqe2upz5,1,49
juno1s3mhfhzcq3svumn5qt8980z3227dvc5qn8cmh7,5,146
juno1pepszxqweqdvqmqwntcg80p03x58dy0edkr9yy,1,49
juno1uczwdw0va2a859mlurhkqlj3dr2ly0grtfmxz8,3,62
juno14670arfh5d6ceftpqqsa072jslehtljuq43uym,2,81
juno1l3uz9wxgy29py7z4cswenx8enpm3w5x3j4k9te,10,229
juno1ywr2thr2g8ray5marc4dd3j9w5plg7sqnp5q87,1,21
juno1ewg3se9g8k96fe52se5dtw229trjxazp7m228p,2,66
juno1c0dgwxvccwv4evvksypmw8hj80enalhqnp6akk,2,62
juno1y2m2w0g0fg3gdhsdz442kd3atd3npujhrh6hfm,3,84
juno1u5thuv79z0twyfq7a0utqql927tq2yysw6g8em,1,35
juno1r3khfvjzgmahj4q78vzxds4s6z635f2n9wkcns,4,114
juno12yax5gzr4kvueke6xddnyc9lurnmd9xr4wcdrs,2,69
juno1l49xpg0cay4z2h7pw5q940ng7jh2zv0djr4uyx,9,201
juno1kh05dm33e98ve4vrup9nn6jqnafy64ehv2yhpv,2,79
juno137032js9htkyq9k38jdt0x338usxpnsmzn3xtp,2,72
juno1lqv0acdraqalwncswe32ea9hdtcfj5r588mhkx,5,157
juno1tpkuu2cnn543wkh5cgzzpv99xlufcseqjlvvtd,1,36
juno1ncphpshedjrfhkzqg8enjjnm33hm3eexn42dj3,6,134
juno15dweym7gm6hxq4j30l0zzndcy4k4h8neevctpq,2,52
juno197g78vtp3ldhzf58k4txmzsslkdjeynpjldtl5,7,151
juno1muytdzgmpcjvgs3rwwt2hzvgazn6an0qhwl9p5,1,36
juno1lftnq0q799q9k2vvvj05q4tsrdahdf3tkuu4wl,2,49
juno1yaj0vvmdculzyr4j7kglrmvcddqn9v7e42cznr,1,35
juno1erez63s6vd6ylzj2j7kr5336av2ltyzugla8es,1,34
juno1whggwcj6f9jpmq9ckq7psv0vx7thglsd9l46fd,1,34
juno1nfhgm875xcemzv90pt5ul5t6la0suavwfrqqt6,4,131
juno1r3ytqh8tqyhdgh6x2zquq38jcwc98egjlr3yax,2,54
juno1zq6pkp46jltjmrkgc82saf5yhwxnvmmas8udvk,1,35
juno1h2mv9gatfzru9valdhfd68aurz922kh6an7294,2,61
juno1travw2989yl9kwavemns6frdezqs5chmrexujd,1,36
juno1jymy3wc5wcuajau45t4ftdqx5wd3x89tqejlex,1,32
juno1z28jxp37yf7eg2gh3caam7yh8e7k9whh6zgnmy,1,34
juno1qedkxxc0gwgfggdzl8zy67vpnazrx3uheetpfd,4,102
juno10h0dpldekwzxc2cwmf2878t23cmr56x9nf7pug,2,62
juno196n8004dvr3ysg3gqj4zk4zt60u3xuuaqcw9md,5,138
juno1wh0sz33xuvakyc5fmwrm22nuhd5zvc0t0nqn90,1,34
juno1g07vkelqwew0m5znuyekajuswzx60wh795jech,1,34
juno1skunerv2a8x07mtxz4zg0ycxf6hpzym3tj4we8,1,34
juno175u43rt4hdn576m25284hu7av8h0m97zhyt73l,1,35
juno1xpyp6n98glfph78va5hxsy8ayl24yp0jt9cr8v,3,103
juno12u4ndv2g50slkstympsyz9whf3g9c89vm54n5a,1,34
juno18w6vls3spzvtkmlj8wm97wq4gaplr3zkre6v9y,3,66
juno1fyn0xpdrpkdggjwp24zuvnwd6lsez7f9lkxguu,1,34
juno1glm87nayl6xd8tny7fzgr0vpanszgj88k5d3zh,1,34
juno12cqjdmr6y0vhundzcze6fxz200npc89t5mz580,7,180
juno1z5kv0hptnhecpwz747mgdhs4v58tfh883j4h7k,1,34
juno1lu3nc8k9usxdetzt66085njkmkfth3ay57tymp,2,57
juno1w8hnt5y6y28fnjzl49wnlzsarxa8zzkafqsa4a,1,25
juno13gv3sadygr7yfjs798s2txwfgvnfx0l3sd9tmy,1,33
juno1fg2c6pynk5520tmz2l8a33ur28x59t8c3vft0w,4,77
juno103rr6cdh68a35astr96778hyxzf3zf0hvl4ktm,2,45
juno1ywq760z99fmljqvyj5h23a79t5l54utzxdrqmf,1,33
juno17jk4ecs847v5ddkqd28jexmsgecj9j6dcejacs,10,223
juno1rxaqu2dr05pp3rksr2xjce6k9q4ctujgsrdner,2,62
juno1pyk3c7ghjn4p9y4xc9ffyxeqd9en60n7rp7nsu,1,32
juno1wv8s3cflrukukpe8wt0t246ewamshqlnpw2pfa,2,46
juno106rjzjxdp4m4a8kt0laafjwd8nghauq5t6sczn,1,33
juno1vun0y4756z86hu4836mfwqxn5dtkf63c4j79aw,3,76
juno1ga7wuzjg5kedwfyr3tyn0n2fssku6z89wf564a,2,63
juno1s8w08lhtpcmn0p5sxykwhxcy4r92j2097x2ds3,2,65
juno1vs26kr6cwtf66cfe45ph6cyhe29u3lx6jk3l9t,5,138
juno1x0lrmmvytu2wn5458x72zx4x70qphagfjk2q2d,2,49
juno17rx4caclnlkqwlkq4hq3aq0cvj993pnf7mgfqt,1,30
juno15yj9pyj3jh7mvl2eyw6wy63q4a4xp06fap2upp,3,82
juno1psl29hcvyd5svrn5v4pptcltc6pstxg452ga89,1,33
juno1xlw3nlct8t5j0af4lxzatd8g4ezpcuezlzng8k,1,31
juno193epvynwv7q9x4qsvu2ct7mz54n4ya8g6z8zys,1,25
juno1jv82rgvz8n9lm3p05sagt0ruqleacm7u5lgnvr,1,33
juno12uxng5gtu9lt0fj4y47yk2zuelgv9ec40uwlv9,2,61
juno1uezejr6zl5xmxl9ntc98x9dnv0p3w7dt626a0c,1,30
juno17amvfwh40qmhwkrmqlrkwenvw0zgcqa9v77dlk,1,33
juno1vkfwkptdxpzatx96a3wn3fc64j8susdt2se6fm,1,33
juno1zxjh84h02j7g2gufy3dl7exhma0c6acsr85k5x,1,30
juno1khgnev0l94jsnp06kqvn844juxxlw456ez9efv,2,51
juno1jwgjzjq72nhhmzvmd9vjl0a5c92uhgm0xx9fxd,2,58
juno15u774t0mdg4q8ztrjwdc6znfmws34l58k6y58w,1,30
juno17dkz4jrgeznveelj24jmu4rqklklulv7y75lxz,6,132
juno1c2778h46xtcy34n8zmjexvn0jdxxtu9m6vph9c,1,33
juno1wpsvq4wwvpxlye2ma9ssvnk7ruek3j0qu3dxp9,1,30
juno1rfhg2phq5948h2emcvanm3zx6vgrcvd063zev6,2,49
juno1rhhx2my0xt9fupy2g2zfasukalrtjckyf77uz3,1,30
juno14ua352jpdcjmhdhkp2qfn02wpr52q8400yxnlp,1,33
juno18suy0jm3fzwz43xmlpl4tcv502nrhq22pn6rgn,3,69
juno1lk8w9xg0lct92evnw7099e04rtnj5rx4f2us0q,1,32
juno1zsc4mahd99g0300an0w8g6gusagqal0p649wkr,3,64
juno1zcl7w46n05km0mlny79lx02v6hf732ca3h0l7k,1,32
juno14n5syhlfnvn527xqxs5hsw9hgm4x8up4qdmksa,1,32
juno17lgev5sdq7r25gtjpdgje5wuug3tm9kddmccwk,1,35
juno1sml5hr7psjmf9r3rwq53604p5garg5vmnvf7xk,1,31
juno1022d3nrpjexvuwc0jnnfcu6h08luk4t9xx582e,2,61
juno14qc4rmffuymfm0l6pzyzn6emw9g348ac7w42hf,1,31
juno13z375wm2hhgw4067aa6jfng3fjxtf0dgwsrqah,1,31
juno1ckajhkne2e6us7vg3k9tdyua59y4qgurdew4ym,1,31
juno1hkgdcua64pcuwy88n548wggv0eefgy3uzc6gfh,1,31
juno15cy8nq5ntlcrakjfd3m3qkscpkwehe9fnaj9jw,1,31
juno1y6dypzz8ked22lpafdmqtmatzn6a3mvgqzdrjs,1,31
juno1ughrlsnpgdhx8x7ty6mlgu74f8xxr4ms4glnwu,1,31
juno1f2pjjqr39mtmvakvspskngnfcnnnseyjnq8eqy,6,135
juno1e3xgextw83d6dtud5gxz9wrnn4y9rjguw0y7nk,1,31
juno16dqtp55g5qe084qaet7x6n5cg9rz9cq2kn2ttw,1,31
juno14v5appz60mrv0e40e5qmcmjafwwr9juxtaa2jk,3,78
juno13sncs5mj82ma8gq6uhw2kywrjj4jg8juefv8m5,1,30
juno1tk35qpxpn92tel38rz6aten7279xgy0acppmxp,1,30
juno12q5ltdjw76xv6vml22ylrdm97akpmmh5qtjgkv,2,51
juno1lq8f2s2xvn0urcdn7kmdpjsc2rv4audsm3at6f,4,83
juno1snjj9w2kxqa28hv0devtr7nn3xz5ep26n7enyn,3,62
juno1kmfkul74uvzzezpgga2h4u00zxnc77x83th9rh,9,158
juno1cn4dgfj90kh97ag698tlz2ecdgq2x2sse79aly,1,30
juno1u40ygektvwyjexhd5dx6xh9fwf9rf0f55980m5,2,50
juno1qv23lmsjg0ds6a3wsnjprvu36kwd8f0r99lakl,1,33
juno1xk5sgh2p30wetnp9xl6nqrwvntjz9gft3pat94,1,30
juno1se69tme9tsvrhw3f4m4m782am4swdmd9824np5,1,31
juno1tdt299s2ujq496jgqvhw98u8r6vuj2nste02m4,1,30
juno12navyvklaf4m5r23nqa7erueq688l3mxfdxx9p,1,30
juno1r09sqlwy7aln8ylxk20rslcv309e9wec72q9rh,5,92
juno1ssd0el3h44ee58nftz0ps4wnxc2sf6umzms27h,1,30
juno1p8ljzm5vdxu65h5vn28du94wt260tzezr444ye,2,46
juno1xxzc8awwllqq4waxtej8u8vlyr89lmuyx2xwtc,1,31
juno1am8r76plfr2ntfzckn9ky6f8fwgsyrxq068es5,2,43
juno149pnl2jwrvqr428xgdkqdjhlxsgy7xzr3zmvtp,1,29
juno1p990p3uapn24ve22tggm0zshtqgawcs64a9qgj,1,29
juno1r4495uasjw0yfs5ua7x35sadk6gdleyl2s5sg6,1,26
juno19lmsjcgw3yhwx7nq4mq6xkv9zy04q6uy0ca9jw,1,29
juno15fwmdhaavpavv3rzh9390le3pwgretgs2qzk3w,1,25
juno15gpfaef0s8xrs3a6sn0yclk55gq4vmdy5869d5,1,29
juno197hn5n7stze30unxd5dfcyckun0jj5efz94edr,1,31
juno12d9a2czky72k567v39un2fwj42gpth5nzhnuz9,1,29
juno1laajngxl3ppdanmejquf80rpwle0aawnlkl83t,1,29
juno1lrgssf4x43s2wv867nqudhxp4nwc4uhg65eu64,1,31
juno1mvgt2mgadtn5yl85eexzzyr93nrfpd3vqqxq23,2,54
juno123re3sg8tgmrfwnwr49fwzhj267fjtjzkaydhy,1,30
juno1j4cu4a6x7g458xgxfvcxz2rp9tlgw9d07wzzpm,1,29
juno13jf5rydlspl47zs9yzt30grc2u6m9ft337ac60,1,29
juno1yyx3cf04ewhw0dnkgq2gmgfap3avrwumr8rcff,2,45
juno15c6t86403errk0w6dfppaaq4ercanek3ggsl0v,2,45
juno1ytlzrp9rwq84v85p7rs9k2vzv7kkw5g0xlvmwq,1,28
juno1n8amjg9xvjlp2xup6nhewpat6m42tjsc688tzh,2,51
juno1fk38rjecert9mpcvq26jwdq7vwfwr87754v45p,1,20
juno1ur55p6stnwmvgv83r9jckmfd7mfsfxcq7ze6u5,2,44
juno19ps0avvwlucrh28appvck6ccl4wuxp2mhn97t2,1,28
juno1lanugludhkxz8a660ft7680a5p0qqlqu5ycp0r,3,63
juno1vgryc9wvm6f3lv4m868t08kmhunahnu6fh3jqs,1,28
juno1u6p09sra0mwyyg7dxqj7mr5qsfe9dn7kgh0656,2,47
juno1h0ev4ztap0p68q83dnrheeg99magern49tzzww,1,28
juno10qf56dz049fxdkqwhffzrlffx7hksklte6adgv,1,28
juno14x8f347h4jvl9574fzl4v7z8etys4jsjf3mkla,4,108
juno1cmjmzm34xdcqxc0944fzgpxs7pqhmfktez2ru2,3,62
juno1kg0tf40g0dp295qelnfzl6lyzpeyg5aucvvam5,1,25
juno1rphe0x03v9cxhnl7klj2gzt9qzk3j64x856crw,2,56
juno1srung7l9l809typewrylkm9nagdxydun22rams,1,26
juno14aserh4x4u0qgc6m6xdapjk2qpyy54cytawmmr,6,110
juno1394dacvwq9xv82j9schaa69x4a3f05w9ep75eu,2,55
juno1tdw5ynww9z5ga8x7lxst4qcw50cgjxn5q7ag27,2,53
juno1k7kg4whf7ddafk60mcjh54ntpz6gujfc2ewj55,1,28
juno1q7v4yhf8hahvz4kcsclpcjvhylz4rwllfd6uz5,1,28
juno1lemd3ne4lsjhrscd98h6fg7rllnjvewxgnyhpq,1,29
juno1wfm9ltyrw7wme97jlawht5f5g8875p82xwn6ny,1,29
juno12hjact0yxkdjar7mzx4dcmcpq7arts4hx8pmjg,1,28
juno1ntgm2g4vhks7m0uvv632ztjg6atujlavm6s27s,1,28
juno1fxyvtfu5rvhnuwarykv6xtxc5f837rczt7lzvd,3,62
juno1z4369ur45pn42ckvcn90g73w5r7rr5tk4yler5,1,28
juno1ud8n3f507zkhy9yfwk88p8hwwkxjyp0yen27f5,5,92
juno1pg4xwgnctxs8gyshhvz5dczd69dv430004vkmk,1,30
juno1m8k2ju9unjk2rg27kfetce3z3mmwaq6swrux0f,1,28
juno1tmutfwnhqfnkgthajmv787wqtmzt8gt7y3dufn,3,59
juno1cz2j5tgth5pg3masa68798s0dfgnglkapv367e,3,77
juno1u0s5srpz8l8nwly9n7d6jpdtsan0wn9336shvn,1,28
juno1dcuffk2efqtujxqjhwcpn90py305mnfuvqn7yy,1,28
juno1yxny46c4cjdez85r5kwe5d7hd2le7xtneyqdzt,1,28
juno1jl8fdjxgmh8ge74tng29u04w95yj25kkzu82tc,1,28
juno1ptmuhhu98396s3y8kw0lz0yapygyhw7ydq7pvj,1,28
juno1c3m68803k2dw9a40e0vjmw5fepzmnx3wvnl76u,4,76
juno1am3axjtqqfd46pwky8hmax7hlk2fv4aftjcj6n,1,28
juno1fmm5en6vsph7tjs097q7vdxqw6cuf3633et6ye,1,27
juno1fxrcezu0sy3tgs7l6za2m7p56z40ktcpeh9gkh,1,28
juno1acnk4kehkxs8f8w4uc6husp8nfw32ha02qnddp,1,27
juno1xpcd86e7fqfhx8c7y6rdw9hkgvmpm6sywmt5mq,1,26
juno13n592awulrt8e9n34asalyez0r6mqtw707fya3,2,45
juno1sj22dq687sfs2fu0sg592utncx32ksr9nta8zq,1,27
juno1xcxg4ek7qvxxlrv7qc6jeulf72xydpfvq4aq99,1,27
juno1zqfvmmgvfyk2effgytn5wr8rp0za3pqx0f85c8,1,27
juno1tfelcymzgv8kyka44rqq58zhpv90mg6yt07ejf,1,27
juno1c39egnwhlygrze3zke5pmm44e3jev3au7sukk7,1,27
juno1c2sxkflgts94v7lkjf7x9eyajxp9c6aa6g5ded,3,59
juno1ddr2enfzp5q6vvlgytyrd4xjp0dvdz9xmuzl37,1,23
juno1djp69ydusza8jw3aunpg3v90h2udvssv8tkf87,2,45
juno1f0ekfwt87yzemm50jwfnagzm9w7mpczncjee57,1,26
juno1t4arx8aln7gxteqhgymxdn77vzmlsjdjysmp00,8,134
juno1wkmzk7cds2dwe6nns8g54k9wxns2pdlygmecxx,1,26
juno1ye86kfckduzrrqlc5rff4zq26sm2teqmq5t4qm,1,26
juno14v6mn8d4vwtw0af2e9l76dlyjr04mvxww4fqye,2,41
juno1h0lj505gzgqp67nvuk03t5fswhjwuuezleqm4w,1,26
juno1qnqwxazzha6lsx2rs2gewu2337uha5lz24ep49,2,42
juno1tuu6dywcgxxez4hkuys7evgr73e88ja9h7wssu,1,25
juno1n773hj4w25m2t2y5j3e7rradpqedrgghlhl3xm,1,25
juno18j0ruf4ml43mhepy66wa3mm0huwula5vqkwudg,1,25
juno1emcwyp9ltuv52jguayvh9v3xk97lxfrywqz5gr,1,22
juno14yfewylhuvntjl6hrrnna26d8q2wzdqxrq0sxv,1,25
juno15hl0mha4slj6s6u05eld8adxjwv7ta4dj9e7ju,1,24
juno1srna7sd94yu334wvpja6a62e30rqyypkcapm7y,1,24
juno1k9ajkanmt5pzsqnmtyvfecgr6kxa36pnvsrpgy,1,24
juno16sj3dchtptzqh9rm56g7xfyx2qyjyekfc57av9,1,24
juno1w9vguhuwn2pa5q74zjx5xgpndkq8efks5hek26,1,24
juno16xlyfaatclw9gpyhnfx0dyratljxw0p5qyrc9j,1,24
juno1vyzkax4efs06rgtfexhrvvtldcz5a374x57w7y,1,21
juno1l658lngke5dndaycm8mh70jm7p9mfhhn343rtc,2,36
juno1w5l8dxp3ncvyf5mqfaal35cppughwhzhqdpxu4,3,56
juno1juf4ycuh0vjx0ufrdrdz9h23rlyseck0s6z3a6,1,24
juno1wxf7ndra5ujgc6xxsprxkgwhcpg4gnqsahq3nr,1,24
juno193mmplhz4y2qfj5kdh7clhx4xck83qvmmt04t4,1,24
juno1722vv36vjxa9drvhz4rze3acjds5h89jeea3lg,1,26
juno16t3tuhd9h870qh00s5jwav00d5mzmrapg4zk6f,4,80
juno16dsfmqs7wkra4rn48x9qgrj0anjxctr5n9hrcx,2,40
juno19tywuyv9rlh5aru6w2pgqzjkvjsvysc3q5u55y,1,21
juno1v398x7vk3jxdlf6463dnsp74hju5dsyxmc45wg,3,68
juno16m95fhw29lleaz84nkgffae37hykl0kjleuyr5,3,56
juno1p2dp8meqm2gelxx4m3v029d2f5gz3gst6dv96m,1,24
juno18v22ze78g0pnnuktjwjqgzqn5a4ldfsqtvem5g,1,23
juno16d33ht6cwcl8hy62jy542pn2q637xzg500fwl3,1,15
juno1jrh9snyer9fmz0d3arawyd7dhvlrtpdf4xkn83,1,25
juno10ym4mz9zxux0uw74yt29thklk65v54474ls4d7,1,20
juno129a83xaf3u4rdhhsc86cn2sfk47gw7yemkge66,1,23
juno1vmw63s8gd5ej3kenfme9rjxxf92k27e7n0ksug,1,23
juno1g8965ma6xsh2f59w6xt79k92es57r8q80l9gsy,1,23
juno1ysggerkd5yjgu2gcmrymlzsx0m550jn07uh008,3,55
juno1a2emj0c339ppllnlrwpp6w48thsdw0ymd34x0s,1,23
juno170zlyvtfx9gne2epdjut3jrlmcgnurxjukdklv,1,23
juno1vlxdg8dkt84pnta72gj97y5dlwk09uy97fl7ez,2,39
juno18ufmxzken24qf7745dy7azw0tfd7q6e6p6a9yx,1,23
juno14agxjrfwwazh2ejctar9rts7d76qvqlff2zahj,1,24
juno1y5qy0wr4vd6gtuwy3cafl5v6c8ff6y2rdd3zl7,2,42
juno1zsld98llarwz7y4nwvftkxphcn9nj9qsm4qxja,4,71
juno10tgsx0xza7v4kaaw23cyglcpr27c86qr60ckqv,7,121
juno1zeydux3xkdzt58s4pg84cekjm8p6seulq8pv4e,1,23
juno12hv0zzzhw3yr5cdmsvev6ygf3xe8v82tfct3ks,1,23
juno1c66nludlp48pw2cfkfhe33rkvekce3uwxu2su7,1,23
juno17ephyl7pxx7hrauhu6guf62z7nrtszj22gyve4,2,42
juno140uymfdx9qya40q3dye6057srrgx2j45fqr7hk,1,22
juno1djz83njj53f2zprf82wuqxv64razmazv9stwl9,1,19
juno1wwp9mm36t7262hrymdl5u0p0kec3rdkfk7tfmd,1,22
juno18cy58kvekmfevha8x90vha86tw7s63jjdyslww,2,27
juno1ky8n3u4ckdmuea9ueqxy4txg8u2cn3zadwtwpj,1,21
juno1y8508efl4gakxqp2kknl050cfxwsv0ucrzzdrp,1,13
juno129thy8c0tz3tcuy2sqh4z0m2ku2pcx72sd0d8c,1,21
juno18g7sdlgs7eqw2pe6cydtwzhgvpyjgelzanvg82,2,33
juno1kr8xz6vz2emxhl3mtc3wpdrx47y0ue8sz3yxcf,1,20
juno1wwr4868mevzyytn9828utlqkcctd6yrht2gw63,1,20
juno1qca8df22rxup35r6ud4amlfhlw5wc73dnxfrtm,1,20
juno1v66lnyk93gc8gqusfl6xxqp80v9s8cfpewv8ks,1,20
juno1zk26hc794d7kv3mf4nxmehxe4jfu8sssespwkw,1,21
juno1xkn622n8u82uxymvjnaul478ywqd96ahc5ytpu,3,49
juno13un0pnduy7gw0c6ncjkqazm2xd98kz02pnyavw,1,12
juno19qmwhpqttxfafhxrfz7w5zmydc0sg5jqyxheky,2,36
juno1ec7c7hchkm8vhn06hsjcj35jmstj7u9aaqj9yd,1,11
juno1jke9na52f2jw6msvazn0z6qe4r0e799wuccvsc,1,19
juno1nxvpcqmz2qjykpukqpz9wml0ap5ahl7j33n4v7,5,78
juno12h0hympmykpt8j5f05z6mxwsa0wam3d5usrvrz,1,19
juno1hyu005kf56tfxnsrr5kgj7e49g0y8utp5vuk63,1,21
juno10f4cah48ukazdz0cj5q7fmjpqdanh9nm3rtqsl,1,19
juno1kveynlnvqg830ghtaqqukuh0ttlg2yvpda70m6,1,19
juno12tvvnfgvfcjcr56y58c4p3k60cv7w98999vqx7,1,19
juno1lml3nsx6sv4xhjddk53gzrkskxy2c4k7xah7uz,1,19
juno1yy2djhkd36cfazkgp7u9vh5gluu65qy47ndhg3,17,272
juno1grggpfq0l9ef0pmlaeutjhtyae3u52u6nw0zuf,1,19
juno1vet3dqxnls8l5walhj7enrprkarzhnljyx3fhz,1,19
juno1tefauu83mgyjexqgyc474vaywpqg2j7ljt86y2,1,11
juno1mph4ut6tqjjhswd5kcwaxz2tc0wwv4k8ez93er,1,19
juno1ruu0lvqz6qnjwdv2sk5q7p8vpqcvq2w2ul800k,2,35
juno1dp4zax2lap8gwsvetfzw2zpv70fhcdwe0stqzs,1,19
juno1lnucevfd8trjgwujssudcfqs3jecwk9gxg0anl,3,47
juno1qcvht7ta3nvckjamgrdvrnllae6zztvqhv08nm,2,35
juno13s7vekg5x3ycj9d5lus4mgh8fh4zylvsk2a2lt,2,37
juno1u2wzhwe7jfeskhg04r40z7380fyp277wzp0rkh,1,20
juno19rrr83gm7ux2zkykrtdyeu9fvtftte4y9t03gk,1,20
juno1xwjzzc0vkk4fh94xhkmlvxjtl7mzskvzs32nh7,1,18
juno1en2mt3xumf99jwsh4cy565prkevkmglwpw263e,1,18
juno17t7p3sdyef42yufs2gjy6fdym9wvy0c9xwltsa,1,18
juno1nawy27yr93d5apnav500e4tdr522lwjvhgpgz2,1,18
juno1xnyz8phfsru44klvpl067fupf5zaknxlnq794q,1,15
juno1cwpsxlagykep7azyyq59jk5atju3qerwuuptev,4,66
juno1w8q8ugz9tclmufe3t0p0hf5hqmfrpspqudvwzf,1,18
juno1ehu9fkd27jqyz7zuq0yu86wjcp98hahayqh89a,1,18
juno1kjj99sfrwwh2qs7myx9pl3395ewurllnuzsev0,1,18
juno15fmjkrj63vs0fcgh68583x5ppx4wkudvwfaw7k,4,60
juno1nmlr5ucma869tnwtkzwpwnl54swxv0rncdn6s2,1,19
juno1x5mtgrwvwejwvmu2jujlr63hn4q2j67d0yfnfl,1,19
juno1pwfgfm57w5sw0svxgera8qyefkg9jalu60493w,1,18
juno1v297qgu9luvyt0gtmjv2k47fz3pxtd2zf3lx6f,2,34
juno1pmlnvj2l6yyde73jh9s6jvydl9q9peauyw992n,1,16
juno1fwhlxm9p8eyynldmgpkpqszle7ey7xyuwkp8ua,1,18
juno1ut57tveflj62z32a84zzfp3u26q3rf0de8gwnt,2,34
juno13l9ph442yjtejq8rj58rpjmkd7lgct4vmsf4cn,1,20
juno1hyr8yam6ftva855pypa3vqauwzjeqs7weghad0,5,89
juno1feg3kdcsdgkzsg7l3usgh6t7vltgk26fjuzchz,1,20
juno1579dske5cp36a0rpqrvr5my5v3vswv2606vc6c,2,37
juno1ynhdp754ksg6uaf2y8nr4j7l5cfj8sxwvus64w,1,18
juno1ukja0h075gd22x35km543fxe88gagvmr2kkr34,2,34
juno1qxqvra652dxrvdsxd70szxjktczhnn3r4vpqrs,2,34
juno1cye222ce7zyn9gp8wpqqdrdgn3hc09rpzdf4h4,1,18
juno1ducvtm9ug2ehg9j73gvcaadnnzarqfvctrghhx,1,18
juno1u8axjrm757zg8m9s3748wqa7vkg8g88llmt6js,1,18
juno1w2h5sudqc9zkhys6uyqqg7pmkyt0j5g7x5ykmj,1,18
juno19s839fk4cyk784nsrduuzchywcz9t9kgppgmj0,1,18
juno1d8xj5p8s3580uvqxlj0242hk0met9mcuh2dwq6,1,20
juno1ssemukulgy54vnpx0c74a7dhz63ml5hcfksdtp,1,18
juno1zph5dx67fxgdz0lh5pa2erwntuqeejvjag92vq,1,19
juno125ax3as6hzhc7j3syrmn9r8208444yyjm0vts9,1,18
juno1sl0s4wqm2uuj5m2luzxduuhzf8vch56wz25l7j,2,34
juno1zhae93zee8mhvwuy98dlmh8prphnda6ufn98vm,1,18
juno1zv7zlt3ysxjjvg8z5dfmhdg9us4x400pqwrh88,1,18
juno1l2asmtm2ewxcff78hs49snhram7ctgyyt7mpkp,1,14
juno1zh7jmkpej65yv6rh4amvh8nyj8nwzcdk2mprjm,5,68
juno1rf6n4z9gv4m3ny6cqsdn5xwpnygra6z2s633rw,1,14
juno164qf3u2wrd2vcenw73g57fuzrzhvtv2mw22hjt,1,14
juno1fd0lr73uezu728688tf6lhx9sf0pgs34ey3h32,1,17
juno1xe5e4z5xgzzd7ytwmlrf93uqvfdfmgere70vl4,4,67
juno1n4qanev6djdezsy4y6csvwdmh5gh4r36qd8fc6,1,17
juno190l57drswnl6gq6jmmy035asfnk7qy83r52e95,1,17
juno1evq9h5mqxxf2ltzyw8aywce3pz4g6k7au690cm,1,17
juno1j3t0f6q4v2cta3ghm9kh7x8a65kcq0t3fqnyk6,3,40
juno1peml9wlgz53vc9m4e622wvftv6tccld2av5pnq,4,61
juno10agp0plff55wx97jdcn76je4tsjurdcu3jmu58,1,16
juno18qq45c4acegarwjkvajhjtsdx05emqkgdp4mw0,1,18
juno1x6n24s0lf48w6q664k9aaspqmn7ecp9ac79cqw,4,63
juno1a5njucgvhnt34eem6l9nvtjne2wy02082wl4uc,1,14
juno1c9u77sdtcnvg6005lydkgvgu9cuzka3tckgxqt,2,30
juno14gvwn5ue4rw290jzvxxl9j4fku0x7ecthzkxqf,1,16
juno158sp7jjtxkakhalfxwx5aa7r4mwq0q6zpsgtk3,1,16
juno17l4gp2py9gkd7ja6646cs92qwp37awy4f80pad,1,16
juno1kqtu5swvgzqqe6es7l6sj82swg7g37l5w8hzm9,1,16
juno1aqvhvr4h47nxrpsegqmjdkc47752dszcgudfe8,1,16
juno1s5a45wvw0gkll07hzzmenfscd48ff8z98lhge0,1,16
juno1yp7dgedxrr64kcjraul9u7ycnwlufppfn78d04,2,32
juno1wsned0sfkxmncqxu3lsa3tq2wse4rtagmr6sz9,3,37
juno1ahm6njgc85te9sw6jqfw2r2e559mcsundutzxk,1,16
juno13ss0tzdmdy2f5fhy7snvw57er96kpq7jvh9fzq,1,13
juno1gc0ghzj0aq769k40na56znzgsm7xdl64cf550x,1,16
juno1dz8eknvulueyrtwn0scyclhwczjjcpxlf7nzt2,3,47
juno19szcvfzn33ghtrjku6083qawfmj2asj7pfackw,1,15
juno15sxuyqttxg03etn9gn3asrrmp5uz3psm9fsy5e,1,16
juno1jzsgrc3fnjpfvfv6ea2cd6x5gt7f2408v9lvd4,1,16
juno1fhzyvpkhnaxau2lza92476wdvpjz6jy83racah,1,16
juno1yh67v0j5p7d5t9v4padycxauju6qjvfdrnn20t,1,16
juno1jevdtc4ev3r5gys6a8eg398s636t3dwuv44sk3,1,13
juno1egzg7v9sx3cvsje50d73gkp83wj9na8fzns3m3,1,16
juno1nzsfdqxjewk0rhn8hgvd8w6lkmjgy4fuj2dxcx,1,16
juno1k5g4gt2n5vqx9a3u328dxq7ermmdkqgrcxdsch,1,16
juno1ukfgtxf0jfpehx3qj50znlhfjkxxjee8s6zk8y,1,16
juno1k5zdu48u9exhsa0wd0vmgafgvaeyxpg3aah8ar,1,16
juno1h70j8nsf7j7062pwgamu0llez7x8pjer2mc4gk,1,16
juno13yh6346kt8qjxvkxysv9xtalwd4ye4ef69ul2e,1,16
juno1l060pe0q57k2wv8q9l9z6jkdzma5jvmqug8vd5,1,13
juno1le5uay3fjcv5zlzcvh8fwsudhevnxdvxaw3c49,5,78
juno1q7wwclhyve3fjr08rurt93dsxx8rmly7k03hga,14,224
juno1cl5wgyqjdkq63wqxzutpv78d663p7d3ahjpgh9,5,80
juno1rwp9agdk3vkgp6lw3k7geecsuvs8t9zj9hj5a5,5,83
juno12uj7tla47rnkutft4cujt4jzh2wkeh8ple956f,1,14
juno1knxsey2e27gk459ltpc076gn3gqg2dq5z6drmt,2,32
juno16qsud8w3r4d0nc2umvywaswuhpp27a8yr6zr82,1,16
juno1mkgxr5qw6x36yq7h9p00k3slrs9w8akhp2n4rs,1,16
juno1ewqu732k4vk7jwqepuaf2t90t53r8f526c6p6n,1,16
juno14u67kqrlyxfdspseku2r4dz46dtmc54zdt22kk,1,16
juno1fdupy0g4hm9w3d5my3yg8ahypvm0r9gh7v53pz,2,32
juno1dnvthwqpd7vetrstech47scy7vukwed4njw4zp,1,14
juno1h7grhyj3ya9um97635chq49h6rpqxarmhu3qwx,1,16
juno1dwt9f6e5rmmv0x8jkcx7xezj05jcf4emyptd5n,4,64
juno1tytfe9j6le8nxja6r0wsl76dq8ygeq4dqftega,1,16
juno1lrptt3ly54xxlrpnehp2vgehecw2tyex7ea78l,1,8
juno1l6lpm56ad8sphezet40gswm07w0zrn5mlx7hkl,1,16
juno1qzlka3xs8efv45u3nq8a77q24urqgzd2xdmxaw,1,8
juno1v7yy8p3t2lyz3jyxvjw5qt263h2get69xaz9yd,1,16
juno16v4gmcxjfqela4t59qlrzqkf9jh9z7gnggvels,2,34
juno1dpldfg04f630huxr93kk2hrjqy9x62vrgg88fv,1,16
juno1w5dqa0gt3fuly75adp5d6a2kr3p0j3yd5gj5u8,1,19
juno160krjmx70z9n4hj5a59fh8gwx8tcsc5uyw9qg7,1,16
juno1h5qrtdkm8mp3xsrenqlrvu0j5jzgrcwuzw50ap,4,61
juno1en2q92fgh7ryvtrfhtzqnklg3wdwchv4twlpzw,3,32
juno1e44844mq7ca6l3qexvpvgzfw4n8gpgwlcevxyf,2,32
juno1k4quck725d635gas6ax03znr3uxv3md2jm2ftv,1,16
juno169qjtktlldu602c45g42k2q74pjf6xk90rk5p3,5,87
juno1tjf8yrfxeldc3du77avjfu43dcykmaacjjqml7,1,16
juno106552sn5l39jymvmkwyc9d44vf89npm585keac,3,48
juno1z9v25s7weezvjxs7aypzek5c0m80dqukqx44qu,1,16
juno1kqp4y7rkdk52h2j9pcnqscuqd76cekugv0lvag,1,16
juno1rjskcx40mv5e3a9j47xw53fuuavjh3ksm0vjn2,5,80
juno1npmnnjxuew4mwcyzxpueacqx83anq8m35hc6cg,1,16
juno1vkwws0thgs3t3qxjuhrclgsswgseralx83tyjl,1,16
juno1yd7lkaufyfdcrxmspk99pezvau707nra0pzcad,1,16
juno19kxkn7kfew8wyc4d9wxr23cggs2u8jhp6n08vl,3,48
juno1593e7qpl67367533pkk54dsj645lhler54j6vq,2,32
juno1eg7w6fv7fy3p3z564v2dkenwm98e2qrr3smyp7,2,32
juno1rzna4qxaqs708hf2txvl4ss4ltmjqgd25sa855,7,112
juno1dhclf37f4rquh94qyul5urj6xlr0rzq0vn4rcc,1,16
juno1wkg2l5mkuxn7sxewr95ns6qvyvwmyzxk8fcezd,2,32
juno1glypx5p0lvqtmljm4qh6rne47jx5xtcfqdxev9,1,16
juno1ds7cjh0f3k3zxwjanf6qtqz8zhg6m6e44d6awl,1,16
juno19ws2vmaktkq6evq4kttnct269rrukzjp9evf52,1,16
juno1p7kunturr9t38h8gx0plpy4uj6rcnzp8zt3qxd,1,16
juno1dguk4anvugm9jpp88jk259r25yyrxctkr4rw2k,2,32
juno1y74sry3dpajpj99zud6qjmjhz30u3m2dd6ucwc,1,16
juno1f2cwy3dux5w4u06245lr7f3wpskcgunv76kydn,1,16
juno1z6ntarcvd07uu6yj4ahnv0nhr84dce00sd3m8k,1,16
juno1jxegk3jqa3z5d2egn3c9l4qwv7jezppy83ztp0,2,24
juno1ppewhege0vz9amt7vyj9dxyh9fr0qvsxepax3m,1,16
juno1a22ndvtgyeh2fsxewk68u5hr39x59lerz3nkcy,2,22
juno13c3x3myk9ma6h5yptglcqu5hdsfpmjtklk48uu,3,48
juno1n9uulhe327wgfn00xwkz6r4tnce65ltvrsfprh,1,16
juno1wz4dp2mfewvkvkapuddxw7lq8mkxpa5r5dp8sw,1,16
juno1d7lp2f76qerpr2fdj4e2y8rnejetttaxjl2uam,2,29
juno1r74nwmnph8m9yxh2z8xn6wvtttn8puhfu92hfv,1,16
juno1lk4pfmfv8xgrugzhsemhgn9wydusw2vd0svp49,1,16
juno1p6qetzerqnfg9lgxwqjk54fhydh00249t3gt3n,1,16
juno1qmvrq8zx68a7zcqg7a7uej5u86lkc33dhg4wl0,1,16
juno1u6t9evqgnrpvywyn2f7nl95k7jw2ujh279kpth,8,128
juno1y58wtwu8e3zdwrqkm559gutvm4mxupmcd2kfvt,5,80
juno12xmkx67gpnyk36ras4epfuy2qx2ajcuzzgaykg,1,16
juno1dy0cy8c85khkhjycps464md9tq8pqnudcs8kh4,1,16
juno1dstr4wmf7ppevdlxujs8x5rejk5pyjygek776c,1,16
juno1xhnj7vw9xj49hvu0jszylnkmhgmqk43jzgnpvl,1,14
juno16zk92p7fjktvspqenrxhwanm0wt50m5hsg8mld,1,16
juno1sfc34ujkys84eeqmegm7lle955y3edytkxan2u,1,16
juno14dfhpq7ktv6ew6uf85fhy6t7q50wlrmc8c2tzj,1,16
juno1xdeptx08n5pemdeqavh54g0j8f5wsfw2lhx2ug,1,16
juno16eq5dmd2wk236u05pk8tw0lm8f54wwrz5j9730,3,48
juno1hrhs0nnuk8qvgtm9rpvsgjj2he6get6ctt2dp5,7,109
juno125kzzsd9u2ygccelk37dv2vkqspz85lv509q9m,1,18
juno1r842yzpyuzuw3j4s25tufazzq59re9aqw6qcj7,1,16
juno1y9y5j6wpw3alclr6zvufm3uas4cym86rlt5qe4,1,16
juno1mme5f0nr9wl7e9dltd5w8y47krww4wptpc0mpf,7,110
juno13rvn002qqvs702x8nec4mtle92fcy78uma6524,1,18
juno1lu5v9l3p9zt49hjmv9sqs8wes8y7haadlpsys4,1,16
juno1cn4chy9r4qlhpxdaf0tc6eh343cqvje3j3cyjp,1,16
juno1pksxlwlpk3spaar03mkcy0hdpgtc7rwft8s8d9,3,49
juno1x5qpwl7seygqay49uz9kwx5wrw4qqm0clp6hu2,1,16
juno1lt4ca4s8re57gcynee6za5rujfwkd2s5gjk0nh,2,32
juno15md4wkfqux35ak5rh2409yk3gx8l4y5s60fk7u,1,14
juno14cw8fxgquln9vxrac9sks2ppww05l547p653ew,3,48
juno1a4v6094kq50f6zkh8hekgtffsdg0qqzltaqurh,2,32
juno1ve09j4m8y85az8syj5kx0jvc5fzul5x5xnmvl5,1,16
juno1at2a536t5rhjhu5lrem26mm48zdsa3uvykkg7j,1,16
juno1nn68luzq6x7wf0uy0x2hdymlhj00vp0lq3qt6y,1,13
juno1hau36repmtgq5hpqtd5u9jp25t95r8m9ernklg,4,64
juno1kk63m4ckwtt0nlvk02je8srv9mwta2pfn82lq7,1,14
juno1x4qhn656zx06lr6k8xlefy22gnwg3hjzcmtghq,1,13
juno12gmfpxruhz2jarvjqnw3xkch8w2cs4qhn9ndqh,1,17
juno1w52n60h4s4f2aplvtr4gah5slge4mnqklynucc,2,24
juno1gqn56ztqjjff5v4h4335n7djnd7knqvpaey7f2,1,18
juno1y2wr3sfqkr5ed5jwmq5mym3kznmf4jwcdv5aev,2,32
juno169j4pda6eww3n78q3gztt6r4gasva3m5j3gk2q,1,16
juno1j8x9hf786zf9lr2due9zcnzkex7jmd9l3vw9nj,2,32
juno1jvsfudf0jn5t76jtfgpe60cpdujf0edm85mqqt,1,16
juno12h2a7u3e34ltdrugm30g3dfe7lxay7esyk7084,1,8
juno18u75fastn3kzr4t4chsg5tnxwr8dyyxe73mm4l,1,16
juno1a4fe9mw78w6seeslqad9rgv4adzlzwpfqq097u,1,16
juno1jd8ehjj48q99cw4guu6ycvh9y5xjrkplc8zyr4,24,388
juno1tmjpekt2j5jhlqgev6aywnaawzwgup0gkk5dm3,1,18
juno1w8uc0ltgfahtgaj5h8zey82qdl53u7sq07jk32,1,18
juno1zf9wvyqsk8qqu3leavjxna8mwlvkxd3xmnerfv,1,18
juno1k4paygdg7tyw3ye65qua00pw6vlqmvskej7c32,1,16
juno1hu4p5cy4xxr4xggry8w5a9jwlttuk8wegsv06r,1,16
juno1he7zerfnemap9zx2n250npwheh2y3md2s9pt5x,1,16
juno1w3yw3sc0en79h0k5ucchffcg74ytgxfvxdmqcm,2,32
juno1m4jm3vl3qm2mmnrs9p2nppxtrcpsjr2pn2sw88,5,85
juno1nhhzc8v4yhmwf4w3cmfsfsy9hxvuehek66hjjg,1,16
juno19gjkd5vjd49cavu6zpkzn8z9am4ul73dnvj8uz,1,16
juno1q0tfewa60enuu8utyjs9w7um58njhd7fruc9gd,1,8
juno164hd3nvq84hgp7g76uxfyyegj5mapfgaskdcx8,2,34
juno1etymyr6v54pf7wapqcznxgfyykyqfv7dnhhu3h,3,46
juno1eh8ns68q0zq4nclcfwl07hf76kcv0j5wjj0924,3,48
juno1d7uqgcf40vhgs68nw6kzre8xtyk9ryg4uya9mj,1,19
juno1radwygqmyg8e25jsxyy8vzr9qn7warmggvhwvr,1,16
juno102kmg3p6e7483uz7v9r47n5tdhdq2rcwrtjew6,2,32
juno1xv5ff563sfuq39k4wz40t8tfylfwhl9vp9nepf,1,16
juno12usls6wz4efl85qftf5alect0yl33ft0gnc3v6,1,16
juno1d970ypm6j6wvner2mx0zhe55ng7vahpe4k3fhr,1,16
juno1f2ewqncg2t0fax00clrvwa9nx8d2hd8dp6l2uk,1,17
juno1czwf7pq29sj4xmw2swz3dr8yfx7ptkv9x79qxg,1,16
juno1vz3vylxw4p3dht5tcxm99kth4s9t5eh78592v4,5,80
juno1xww4yf8atl6sduqap74grkhxna5cw8r84j0jry,1,16
juno1eukalvmvc9vyktmsvvu4hklexu7ffz39gypdql,1,16
juno1jgmsea4wes0g4wspkfmgnxkswz7nruq67ve5qv,3,48
juno1av022cmwgncrrlcxs0un6y6le3xu6wmqaxf7wm,1,16
juno1c7xmp3d0xd5rcyzan0eyd9ssqg2e6httxm9d84,2,32
juno1nt7a6yulhr7u9h53fd485m9p3gshn2kc67nxsj,1,18
juno1n3cnatzs66ve3n68lzj0h9tlt86zr0vgr3c6kp,1,16
juno1quwvcyhrqqu2zcx4g4v3ltfm0dlkeqpaf8vgyh,1,16
juno1xnyy7l4kyu0v8qqhw5a4qz6z2etqtrhgz7hrxd,1,16
juno16q4jxftvg389wzlg5zn3dp7xd69xsawvpt6ksa,1,16
juno1rfzj6mldp7w22xegamg0cxz8vj39gkhc0nc452,2,32
juno16u3jfzyrgmsle28esv524ef47yy789s3etgz4h,5,84
juno1z0pgyrafya3egv0cemn9cdjh03c0qtcjf0f6jy,1,16
juno1k462wtemw2vaftwzr6mh09h0jyszcksqsgfdk4,1,16
juno164ylmscmqlklc0spnar8r5fqg5qnw4raafxrt4,1,16
juno1vcpl53a26azrz0vhsm70p5slyp3yjv307f8jqe,1,16
juno1qlv2p45m4exw8s8ek6v3akzxza4k7g7tnxplyl,1,16
juno1qed7pxfnzr875aclrmctzuh284dc8ks984z3zm,2,32
juno1l7xyruk42r766v4wy5s8sxfhh20dewrekvv760,1,8
juno1lexayxuck4vjtgwxt0j93lk445c60d8kguy8qm,1,16
juno1edh7na9e0kkrj9cvcddhdn60vhlg0q666sgnsq,1,15
juno17l3wnuskn2ud8pf2nms9ewekshjtz8cpyr7223,1,16
juno1qxyglyy3j3j4ul7d47ejeqkjsmdpe9jevl265m,1,13
juno18vmyj3348y0q6cgh74p2jm5cw3rqd9x0xrgk3l,1,16
juno1wypuy4fre9tq65w095ss20hah087k7xwr9u8tp,1,14
juno1cqkkcz98ckctd5gadtkx8de6p4z93gu08akrm3,1,16
juno15s7my4mvq4ewdzts5kp4xm9w75n5ukc2x6yg5j,1,16
juno1gj0e7nv83lvg9pm3cg8jz2wd3xc9llrkxm3zsv,1,18
juno1k9wj8n49ylq47u6kwvtukmspcrggs42l6aneyq,1,16
juno1p49u0ksgrzk39eapvll6z6skamkjxcy450lxr9,1,16
juno1e7925azsefunnwajs2h0w5v8ankcn98vmh95gu,1,16
juno17yyxwztaakgehhc0c03a3wlgyep57dyf9yp2w4,1,16
juno1zcllq572wwuq30p3zya2ltcvpwx0a5cf6zdv8j,1,16
juno1dkhrs9yv7jkj7ylge4yl8u5uvkgsm4xu2hkau4,1,16
juno1v3dda0qkx24q404epkkqrzzlp86eh395g2pvh5,1,16
juno1p52dht7xf25zgn4gla3m8w0g3d7zym852df27w,1,17
juno1876wlx72ntv2krthumz50ms9fvnmfd2xs4rl2m,1,16
juno1xz92f5agsmnurqcx8wqgepjsvppw3e4k7mpkvs,1,16
juno1g29j5ukwv2r83q22rck83tcfkzgat0dsdaqfht,1,16
juno142n02vv5azv9cjxn2x7kyfxkhdqzyf5vphx36k,1,18
juno1rhuhklmd6xg9vkf2m3cd4hxkg97l69cnrnqgxw,1,8
juno18ft8chhqk5ggvd6fd4tujcevjvke7g56cds39u,4,70
juno180k4gp3fu3p333sdlapuwlcswr2rt3gwhf96ej,1,16
juno1jmfjjp333f77acneaag7q2lmecwrs423sqhytv,2,32
juno17h4seav6k435grxh5xdpdvxe0hj0c0mmxp8sk2,1,16
juno1v2tcq9vft6l3r2kcahrvgvqdpg9q3rlua2zgju,1,16
juno16j8pu3g576etc5yg4227ss4kml858vhnj9cps8,1,16
juno1vcye33yh8cmg8h34rs2lv9m4056ldaykru74dq,1,16
juno10wqupr2l75mj5flmlphdkrsg7c0tugwv9gyrsm,1,16
juno13t82fcuts0atp8qt9cdne4nu9lnq6effq0l4ak,1,16
juno174upttezdkdawkzrap9q894vhc9f9tg3l70ux8,1,17
juno1manm0l5u68f44pr4y09hes5sct6fa8rr59ewyz,5,80
juno1sg3etn27lm9vq6w9t8a9u44aewlpgxv3gyywsj,1,16
juno18uu7g6k6rk9xl9mllv7t22jyn6mnp0364zae84,1,16
juno1j4nsugh3pgn2tlywh37n6zyp20am90ydaq6vfy,1,16
juno1e6jhm030vycwtxf4n59j4xnsvlce45pqtv4mrs,1,16
juno170g4qw5p7khghwl7rk8vp7v2ygjc8gx6guyupk,1,16
juno1nssf4fu4z9qcsxfs7ak2nlkhv6we5nv984y2fk,1,12
juno197ynxaktefv27lt35pa2tyn785d92tkgv8c2rv,2,32
juno16z58jydzxz4a5ydewqhgc9rqqg2525dfdlgf4g,1,16
juno1mjp88d4dx7t76kesf4patplr0g0zhzdkzt4rzd,1,16
juno1nx0mykqfyrwvc9c3kgald5mz65fdqzpvg0x4c9,1,16
juno17s7veqc77tu8wghm9wqxydes9jsg26hskcn66n,1,16
juno1upxfvttlhlyhp8ecxs89z8p7qwupc3y0sdkkn0,1,8
juno1cvhc2r0s5kcq6n4z0d58hgx3vuqgny7lnxxt7v,1,16
juno1jxc7ph07y83qwsn4gud25rv7srhkdxt02rzpw3,1,16
juno1enjeyg9uv8ev9jr6fcl36zveeydkag8pkztuej,2,32
juno18x06pkzd03djkjsgyw4mf2e0d3wp9nm6ehxk4r,2,32
juno157rkyw6caf8a567gnd2sgcplc0zy43uatz5d2f,1,16
juno12ln0m99q5ryfh92zke0fzyatq9vscjaygj0q2d,1,16
juno1fysj4cadldlzcpjkfm2apdxex48wlvrg2fuuvh,1,16
juno14zpq9evh0chfqqy5rwq4jc48xwgmhrj98vvmg3,2,32
juno1a4u5smkhlwtkxxk3kkwrzv8kp3zvg7d808gzm7,1,16
juno18989p5r62wp7wrnguyh97zg23ndh4zcddx3eju,1,16
juno1qwfs0u37ux4dnlnzv2g5rj29mswg7gzw6cf6qe,1,13
juno1p0kvqs40em6k2cwmcm23ycyqd3pc4rn2t9l9ry,4,72
juno1d6ytk5nmc64r6p3mjfdqg9g5rlm5ca3mve77rs,1,16
juno1m20dylm9uzx6lapkrzjwjqs475ukudqfqh6x09,1,8
juno1tdzl26w62ss2y7rzjq5plfycy9j9kdp252nld9,1,16
juno1d6kzyfymasv7rncz0flryk8kxlu2n4wdwxpks9,1,17
juno1hsf4aw3m8ggzuz9gkc9ekua2ck40ljc8hj7yhq,1,14
juno1mj6dcjeynacv7dwuj2jqjf9r9amkm5wkldrv9j,1,16
juno1rd6h7sfvfzmp0cr0ucn2qwx36qf94rwrl0nca7,1,16
juno1m6xmmjmrhxusvn0djy0g45n5lue0pvhcemlw7g,1,13
juno1rllejek0j4n7ccqmfe93da06a96sn02wrrj3k9,2,30
juno1h2l779skveze68pu5dn8lez9wtqvg2vaffh3hu,1,16
juno15g94ra5vjxskpgn60tp6zf4qan5pctya76k5tx,1,17
juno1dyg8aheshvgcz5ret2hnjt3t9plhxme6vf237t,1,14
juno16velwym0uh6d5gwt2e6ccanhayh7269m6vhtl3,1,16
juno17fu6pr00e4fpp30zlxmmj7n0juculrtmux9ydx,1,16
juno1cgqglzzu2076rcum2m4n4p8nelkcszjdufwjfz,3,48
juno1vdyyajm0tf4jcte06fthhmzz9prq8dxj320pf5,1,19
juno13qxampavajqh5d4ychsvpc35kdnam8n8zhdd89,1,16
juno1he2qpykjwxay6u4ky7l266qrqsxw9nunpgs8p8,1,16
juno1qjp3n2xt2n4vwchyqu3kz5gdemxju6vr2gxlda,1,16
juno1vtsy55wknmwvm80hc3ysrsrmda9ntxcxp9zz6s,1,16
juno1xznw28y7j4mwyvaskf2k2gav7pjfmuem936w2r,1,16
juno12fy8re2tltyuprf3h8mdc859qzu5qlzaf75yfn,1,16
juno1ljkazcsyhuc6yf9rwezmggsykc2zguc75mrpxs,2,32
juno1jr3c0m638sxhz400py08ue6grt2erfn5yr98ww,1,16
juno1cvrf3n95cmv32ad0y56s4mdfldfr6whaukgcr5,1,8
juno1elfze5gm8dxaz0xhvwexqttnpal8nvwwge036v,3,50
juno18f5v3z027cs94050q6u82xzadja9945tz6yw2f,1,8
juno1dwsyqcscxpkcas3f3z8fw5av2lrju9re5rfaxc,1,8
juno100w7kucztpjugpss5wc2ygv0tpnqsg993t07lk,1,14
juno1qc6g853e4lq89cgn2kx26gr8xmdlsx8umfs02a,1,16
juno17wkz94anh72qzzaek80wcl6eqkpazp0gjvelcu,2,32
juno1ygxe2au68h69lr2gayjq2m93xerkft5xk45dd4,1,16
juno1j88qdqpv859cu7w9y63fr096zxf4facecahuee,1,8
juno12n7hm4p6u8qcwwzqdy78zl6yqkn3543rt95q68,1,16
juno1wfpsnnuuxeewe8vquzlk393xkh9ljjxhrpwc3f,1,16
juno1c3zt4smqgn4arwecxs70t6t3p5al09yvrdx5p7,1,16
juno1jx9pdp39mzpzcvs2zxzju8rprrrd4qekmkv7n0,1,16
juno1qgfpq2gpkfsunc9jxf3txltayakkpmfyk2e4xk,3,48
juno1nvhkffsctzdawh4fxu46j29a30g8vcs7pralcl,1,16
juno1sjpl7ear5n0pahw4e636yhl7pucdpad2unmzwc,3,48
juno1czrtkz80sku7kh07jd42jfcyvkcljlxkzq377t,1,16
juno18l99e0hpmzc9d798g2uaxpvcw8rvy729uhf2ks,1,14
juno1n8yydg87see55343kaqrluhtpflzgkkpq7wvcd,4,67
juno1lzsw3ktkzsa07930pmk75ukx87dtwc25a73579,1,16
juno1xzzsxdtdl9w5g3l3g373nn3zna2lqnqzllxtep,1,16
juno18ar2lfydpca7hwd7z5ymw4q2fw46u987yjs5ll,1,16
juno173mw8y7d0kr5326fhes8jupmgt3psh5wvp3h2d,1,16
juno1c7szddz2zgt625n32lgs0x4qarf66puy4j227t,1,16
juno1lffj44j6cgnk6evmxp9q87yh9cd7t75yesn0kc,1,16
juno18e3ut9k3zz92hzje4zap0hevde7qgw86zr9vyj,1,17
juno14ztag3wdnumpn6w2vqhaany93s44s3q57g76lz,1,16
juno1gl6mfhqlu7m3eg2dk4a9grxv7lqtwunn8dns87,1,16
juno1mt5dyq2ck2zp508z0r744ch2fzdf5vfjn37wtd,1,16
juno19ymugy3xr7eql5fq03r60e8vt9s58pdm9atktx,1,8
juno1e8kyaluynrm7xcxu52k9wqkuq8hzaj78cfpnvp,1,16
juno120j5hzyfvfmzr7p6l6mcqgx2grs3myjkra8ag7,1,17
juno1hcse9qc4ygeqa620umy2zxsakwqjmdcrzgs0yq,1,16
juno1q0j03yjnk89akum7j7p8ekt2zntwdxvlhtngck,1,13
juno1dlptes3nlgjw637w6w4dv5aymfd9wj9vnwkseu,1,16
juno1exjqjw85ddt2rd3eecs6qlj07qpqqsssp3jntk,1,8
juno1s6wga4zxauz2zvz0vzfzjaaue9ty2h0uyqu07s,1,18
juno1nwypftrcev99acyqg4uh0dccamutrx9hfz3px3,1,16
juno1av2lcuv9wk24lc2eqqy4r0zp2ptz57nlqummd6,1,16
juno1seyuyz5lwvy7j0g4ek9fv938jn554lnw4t2xz5,1,12
juno1hany8sz6fshwmneyem5gpdm7zllch54jaz4985,1,16
juno12xxlnez072hzvg6x03uzth8xu4z7szvg6lgths,1,16
juno1562l7r3h7ttye8hpdqrje9klcwl9j6ssuk3dtt,1,16
juno15u0v9sk8j62uprvztuzmx9q7mw0698ukd5fdsm,1,16
juno1ejfys74fhscz58c5yy9ca40j6nf473v9rj69c5,1,16
juno1hyzqvfvggmcmm4j48m3px7wzmcggqhw9cr3dgm,1,8
juno1q7nf5zd8fxjq8zw7dwz2jpu7mq6r7yvyqf5l2x,1,16
