Address,Balance
juno102qk6946cweqm678a0da7e5vusglvhrn5zqe3u,35
juno103l025fw2x7d8k8px7d07vu667x0h5p56mnveh,1
juno103rqha0kps4kl9wr0lzqcjahfp3p6d5uwypl90,21.519126
juno103vagadrtdgmlqaz9g04yyv6qece64v5v5tmxt,1
juno103verdnv4pzztty50ua7gs5gj25l2gwu0msyxy,34.215113
juno1049ye8lese3s2a6rr2quh3des6pynmqpnhp48p,35.17767
juno104mh7qdutwx2zaf83mynjm8kklpj62cwm4uzjn,35
juno106v0dgp92mwgerjph7aw84wwkutzuq4zdt9xtt,25
juno107kpgjtc6ctvgq5gv8wxp4pydvv6c8ml28lthj,35.17767
juno107tn5s5nsznzvczjf76qhsq2fwwe6j9zvkn5r0,200
juno108yw43as5l6gchwx8f6xa2d9zce45gw050c7ke,20
juno109as32auw8xdurf72gclyk26ulml297k9x6qf2,101
juno10a29hu7chl55ar4wsyjueqxc7smudpvrs3rjam,420.69
juno10ap9s20f6gtke8rtg85wnf8qgha2nx72nnlk4m,1.1
juno10awfv0z70w26ayyxgxrjd5n40guygzq43x2f2x,34
juno10cd32jmmaas7q33e9cwgjj53r52005hqdgekry,5
juno10cetn8mfs2t90w4mc3jy30rrgdtz28nw9s5xwh,30.055661
juno10d3thvhar0h67cqxh89xj5dr3h7s8rua8nppd2,20.639874
juno10datnnlcjmrdl37ka0g4u83chvxpfafmplpjf4,26.383252
juno10dh2ggxsettmqylgvcteue8uq0zz69fekv8gks,30.17767
juno10gwwfj39ewa853032k5cwmvwkw22wmetrclzg5,5
juno10h70yf335v3n0ahkm95qwrx6l2tnfhcrhjqm9t,10
juno10j805w37k8nzdylcyy87p3aq4264pdmsr4a5sc,20
juno10jcd94dw9w2txv3f8xgd3cslz5s3cqu0u9l573,5
juno10jke06yz08nzkqj5vhk97yuhktjdmvk8jje4lq,35.17767
juno10ka033a6vx803h7hd4mfe3l8ky0txwcq64rfuu,17.25391
juno10lsjtrjwyeq29daqczlumr25k7c0zpu5q4cv48,39
juno10m0k4a3tudk6mglc9nez5w9yjvgkk9kuecl8jt,55
juno10n4lwkks9ecu6flr77erpje8rjeg5dfn58cyv9,20
juno10nszvpnn83hq9lmlhs73p8mfx0wgwnz9zl3vk6,35.403658
juno10py3wm5eatgw8p3qmuzxq0cht5qfq8tmc9l9xm,144.181776
juno10r39fueph9fq7a6lgswu4zdsg8t3gxlq670lt0,0.5
juno10r72d93uwd4ugeyatdrrvufeq80vrex6n2yex2,35.17767
juno10rdut36lnhsrudd3t4zqqgpvrmxam4lel2qmnx,35.17767
juno10srx5z6kechcm3wdldepxza0ccuzc9rk4mgznr,11.409554
juno10tqg38ajd8va7ytwmttl7csk9ug6vlfl5wgqut,35.17767
juno10u24rwqfxl48rshaasextp5a25gejuzaj0sc4n,19
juno10u8c8kemnmp6smxqak40dhsf2z3uuyray8rmhd,35
juno10udv3u24d4qpfdfftx39qw34qj4n2ejcxk0qag,50.155605
juno10ufkg6c7qg40n4a5kjg4tf20xxzm7j45we2dgl,20
juno10ufvja58kdfyy9pljwamnfcpprl30y3hyyzv6a,1
juno10utwkr55h3au5uamlwfmje84na4edxyqndjv5r,20
juno10vvdsmu84g37nfx9p8k898k3tqqs5kkcnhs7cm,35.17767
juno10w9nskqua7fr5q7g7jvl5ygttdcqszmjzj6p3k,181.941201
juno10wv9mds80emehq3q0qrcvr5ssz8zwhheedhlts,20
juno10ytshxfl8d2yg706dsqqxpndgvugyts2tg2qt9,42.489848
juno10zkjx462sg79lzeqg4pg00qncyvjg76ws62372,10.160785
juno10zw3pyaw7wu5ags8ejn2wqrju7jyl9k3x049ja,35.17767
juno120dzrerwrkyg2twh5rpkr6uxqtkxrz7cq59tq4,1095.010127
juno120n7mredre8rfzahvstcdk74xl2ppq2f3j9v0u,19.5
juno122hjrmj8k2f0lc0m8nepdysgx9f2gan2v6hmqj,1.454912
juno1242l37paupq0fxcqd8cvnth5x6s6gcczsju9ck,25.77141
juno12736ed7frh0uxwv2tm29qz8v30fe03kqg3928k,1
juno127syd36f280zgtlhqcyldwnpxv0fa9kls9g40l,1.256927
juno127wa7qhv35v8u8f4ch9n54cynuyjy50lqnmwp9,6
juno127yusg0086xkzagduxtlfy5lvep6h2h7a38hqa,35.766051
juno129e3qxxmudkwuj5nnt0kma5ryz4ccaa5c2du0q,43.234248
juno12dnv539p9umh6ze2jpn8n57frlsads3dvklf9n,34
juno12e4cr5w807csadkfytk3fep8kdhcv6x2au63q0,15.17767
juno12e7ptnnn9cp48axz0s2wh5suumh8zfu4c099zp,39.649951
juno12edhat8859a0m5p86twpn5caax0f3jpcywzjzn,10
juno12fjv4krxcea5zukmrddgzcu63yhx9hgpsm7yu5,2.17767
juno12g8caymr4c52ytaqre253zd42h8e42493l6pk3,39
juno12hmrnuecynkmzrpj77fw0nj8g44cy8t3mzzjzz,8.794417
juno12j8d5rydwr3zaqc4mgy3edey0dgsruhs505k3f,26.383252
juno12k24dpqqv75jqwu6a6jdt83lz79eqtl2u2vj06,24.003832
juno12k73wkvfe5wmma2fuap7mlh2x2t7fqlt2mm4ll,35
juno12kz50qprlmus556jr5pq0ztn9cr9t6empyat9e,34.5
juno12l0ns2c834uuq4q7wh4yh748sel8fgam4zv02v,1.059251
juno12l7h7lwfpq9yvr2276dvfnp9seewzsqhf9qper,63.706553
juno12nauqv8ydg27hk9dzkwpvtda8w2zq8cm6temzu,20
juno12phtrywkmtytukd3ujt5qvk2uf8k0sz5gxwx7p,20
juno12plnxn8wlvm5kjwggpkaa09mtjak6klf0mm4vk,33.36113
juno12qpgx8l2f7x7pyrtvs8ky2dacefj007cnyg0wg,35
juno12sk0xlr5krg5q94v8ryfatv4jjruy8ft2jh0dl,40
juno12u0ka8x6gjl4f08sy3cjl407fhpvgg2jl6l3vf,10
juno12ugmxtr07ug2jr7l4sw4fukd3ytk4mkl9qv6fl,1
juno12uk22nzee0hgahzttujcdce78ax627as3umnv7,68.118536
juno12vyyl4xf8x9tjzgcnl2p5t8jm6mw4uzrhkd4uv,37.362405
juno12xlrsfte5c7x45qd88e8t7pv34calr59vqqfdz,42
juno12zmzgh7lhegrzp5lwuj0tmde3yu5dvw472vxl0,15
juno130l36wnevxhqm2dz0rlcnunhxnlgjyd7cn3zzr,0.212153
juno1323uenwvychnv4gplx9895w43tcd66lu6cvkgx,15
juno132pa2qn0e4cs4h7wrq268pg9rjks8q26lu97ez,81.155258
juno132sr8zv7sjz6gkm00nktrj4j68zegf66nywqz9,19.9
juno1340sm04hj3mjk39rp96gzzxprwjdpvx9km0uvn,38.473351
juno135k7fxj8g64lvlxsz5ag27eawku0dehjjehuvv,626.734723
juno135zk6pvw7ds3zqmg37nu2m9ud8f50dmesjttrs,25
juno1360878zq3qxhh9eunw4ua7udmvx47kvskryqt5,35.088835
juno1367ty4dl6lyfwswk47a2qagzulesg7s9ya4tsz,36.17767
juno1370fn26kj4r7780clfsuqxg5xrw2jf668ccxvm,5.890061
juno138he9f7d7z8jp2hmtr3a58sqccr23rn0nnh440,0.418465
juno1399juvmrxytx5u54970zxkd8hz39669mreq0js,29.793481
juno13a4dtlz2wrlnxhnvvdkjj99gegn837cprxuqqh,2.384944
juno13c04jkf6fdg52wjnyf7c63d9eu3d005srr4vmr,30
juno13c6mgnfve6ja9y0jx5v0j2ylsx05nj7trkyl5k,22.669599
juno13cmdrg4k0cdzgv47tte5d4tjecgvww5a3xhlnj,35.17767
juno13cuad6ypa6jsx9sludzqyv5vxd87tlsjts6hxz,35
juno13d5ztr9ydpfdqwmf5yh4xd5n54ytk0m65c9u4x,20
juno13de2f33gh2nk7pghthm3h3hpjx8d2cxjnjxkd5,43.166636
juno13dnqmv55wxpah5jm2p94f8k3fhupetvy54mfse,35.17767
juno13eej67rs8lgkg77eyyefxrughp6y0fwnqzqfy9,2
juno13fyrv9huq880vkc3unl45grn2klgt5qqaauqz4,44
juno13g5hp9wveth8dm5f60a4ydq3aknvc3wdu0zem6,35
juno13gccl8hlxpkwsp2gc57q3kr9jhr8hz6d2j7ht9,21
juno13gq4t86tzwnmh6y9h5q8z2fxz9v57pqsj6zr9a,70.35534
juno13h2ydy9fddg2jssjc859xjk09qqk37fekdzuta,30
juno13h3az4cl8sl3m0q606hlyau7j2n63j3jtwj9lf,35.17767
juno13kq23z2r66clgeag3pf5gzrgyx665lzpq0cya3,0.350479
juno13lzly6934ymemk6k3tzvlu3tl7v7gzq34t9vvq,145.359423
juno13mxw4mrlp9hn6dpmsla792s0wm58sdvve2mj4p,35.17767
juno13p5dt20sggkxpj9w0lgenk87tuj8ykz0gvx5uu,3.239215
juno13qjzx5rw3lxrxp02prnmdulp8hle728ex6kgv6,20
juno13qmz4tnvqjuyfegnle35farscnz4f0avcccg0f,33
juno13reean9kraeyvakh4yhcxqkxt0gt8urll48rcq,5
juno13remta5qhldf5ust9dsx4ylj7ac0ezuk2gcp7l,35.17767
juno13rjet9eucsezer5yuqsgzkzpq30rz7hc8wutac,500
juno13tdze5zvuss9ktkela4gy089qve08w0755fc9x,130.592285
juno13ucxs8z7gksxmux57uysfy5uuyumaffdclewwe,40.79096
juno13v4ucpkj64zpzt4hj0y5q28n6h6rmpj0at5g0r,35.408524
juno13vtvd4dj4rj2yuush22a5nl3mvqdcntfmmawrr,6
juno13vwzpmmada8aangxtjyfschf04fh7mfj5x4skp,6.460015
juno13x5uxllyhx545d37dqhwnkaes9ck6h3r6x3sey,35.17767
juno13z58yn4pcdpevsl2krlj8y4sy0t2ykcnqcdzk2,20
juno13zq0yup6pzdsydu2rd5724vxplx89n28qs65c3,20
juno140jpwpu6afv70ux093ppcmg3g86fd59z39cm5d,50.576025
juno142jtu7gfs96k43gwanm3vpylegvnf535xqe755,11
juno142qp7xa4sny8qalk3gf2wyg9j9kq445p0rgvqj,1110
juno144t874ylvqte30h4fx7nj7hu2cg9x9yra6y2sl,5000
juno144tzn2plptplryemuqu99uf0ypz2087f2tk0t2,100
juno1454r68ydzkc77enlqsqw6hjysw3uulse5rpa09,35.17767
juno145krdwc3ydnkw292cf8ujhugzx9cmat0lhgyek,13
juno147nu8n84xs98r42tka28cx0lp588zy4vqxqv36,0.17767
juno1488kv08va80uyw3rqm03dxapmgak6mx4gy9gau,55.17767
juno148jaxj5kc7gvzd6yahed0txezy5ncg3phmv3nt,96.158226
juno14940jxcqdk9u60jrz6pde9clmy2fagy029dg77,5
juno1499yrn5575ynn83df2ugjq4rn2zuhm0t5ltqde,17.145694
juno149xu30eqnu5kfl207razavtgtgl6dgxdaqnjje,5.872816
juno149yvm6ylzf9h5y229vqjm2pjlyys84uucxw89m,5.5
juno14a9ypqprr5kze2tm0ejcqh20usa8xk2lnvkfj5,50
juno14cajwg99cyyp6jj7rwvapr3upjedk67qfuw27r,39.132623
juno14cgvj8rvl5v2w8jllnf6jh9gdf2sgqgc9lyepw,21.385826
juno14d043p9jr76jfl7tam4t0yhpravrmra8fjn3qf,39
juno14fp7zfehp25gr78ntn9uv7qmqgx74dklj0950e,20.03476
juno14hp2s0269kx0n84gcuk3rf58su5evpuravcs4f,15.377689
juno14j0ye8gm3saww4adfxj40jmq87c6ekl8zdpd5l,0.010592
juno14ljvnyvx53m2699egxtvctd6j9xve8nyjvnlzn,26.383252
juno14mzayfjkvc7vacwfsxkzjws8ayzascjh037746,3000
juno14paqu4gpz2hrezg4cwle0a6qrsaes72ezzps2s,1.556826
juno14pjsxrl852gxj4p8hu4euc9wqvhgjpr474sxzk,167.712737
juno14pzpkcjj7e3zvt6axefm8wdqtr8c4z3q6x47np,7.571424
juno14qdsqe89xe8t8ajtedy68kdj8u7gsp2gycgyhw,15.643043
juno14rct98qvjh36xmard8w7rmqnyfr4vrvlym2gjq,35.17767
juno14rltpuuznarjwlyt2x8jskttnjj7cgt6z8q3j4,19
juno14rq0xqw4aruwxgl79l6sxt4ejkwnhtlgsdj39z,5.8
juno14rt5w9u8xn8ty8axa4k5m9g64x8qsedreg5qz0,5.885048
juno14rz7gh2yhgklcj5cutryn7d4f9dh6nauj054ct,38.918452
juno14s2vrzqdd6g59ns5hmkse70tvzhsh590ma3zy6,20
juno14t3mz46apz934m59juprhygxz9qx09a9m70kaq,22
juno14tax6wksjm7n7xvzkyrsdlzl9p7hlfakf029sp,2887.126373
juno14ume9hru7ggfsgg560exxf8tyk4hvg7q9j92g8,90
juno14uxw3qxpr87lxrj8kludd7zztwy5we4a3kruec,17.588835
juno14vreyswzwdntc4fnr37zzekkfs4rh0hn6tm6ad,4.461562
juno14vryt4r4z3r6dqs2t0pc0sg47rp6ymc256y5te,10
juno14wq2akvrc66euwh2mp3kc2q25dl3p47t3fj29l,10
juno14xzmvz26n2qcckm8zjxnjv59dps2j5l07mapt5,34.383252
juno14yjt8qdhhgem0wmtkxd22m5vhpcpxdv5y50xwy,30
juno14yqr2q5u4sehadtfxx4rh4rjxzfht6ecjjuypm,100
juno152772r8ym0wlv02ajzfzl94yze6lezfm55ag6m,35.17767
juno153l8ng6puwut2kcjj74fk5wx34jaktckwhem2v,15.729143
juno153u9yg4mu36s9mg2xcka4wvn70emy69vjcg2j0,26.383252
juno1550c0zq7yky2lxane8twg499jw9avlrcujt0kr,3.261649
juno155ultvhmlu4lfrsmv956d5tu4hwknmykj9r77q,6.168639
juno155yuaswl057tk6f2ja8h9qlkc2tx9df7szhz0u,0.4
juno15622cetzspfzscszqvq4360ueqc367gpestgak,21
juno156724whmwqua9dxwy57dvdw2a3lh3g8y0d3vye,20
juno157a6sstrw9tuwmaqwurzqsskvrxsk3tpwtsvft,35
juno157cw08tft35ym90tm3kyhur7arg7sfkslgnp6k,35.180861
juno157es9kfx2kcn790j7nmcp6j6elguner6cvnxe2,35
juno1588duha7ugqlatx9ahc77smxzsrnph2jpxzkdg,30
juno158ep04lmck7hx7pt5vwkjhshkqs6wrhjw0cpkw,6.191011
juno158k455lcxhrvvmrfu8m4c6g88fc2qgqqjcaf9z,45
juno158n7lrhwc3kuhhnj4md8wkjn94lpdwr9trsnp7,0.314163
juno158wxl63rferzpwc6kl0fuphsw3njeesvvved8x,35.17767
juno15a8lkaz5lzcun3eevaa7r5659wt5p7fky609xt,6
juno15ast6q733srzw89u9vhwq5rm5fgs5lufet0vy3,20
juno15aswnzujga6pu3vfcuhq6ty494ld4n3rtln8hz,11.779963
juno15dymd0ms29fgngte4n7aadeapyjvx6tqnqtth9,36.5
juno15f46k58ca87cj7844rgz4z47axpksq96w76rvd,22.669599
juno15fsdsv6xg0cyc0xvw48zmra4r08ekp7fedjlhn,35.17767
juno15g3t00hlur87x33gxkmg4smkudgnklejz3gy0h,15.17767
juno15jf8qp2hpce7jeyq9d3pyj4m5uw0xqrhtz98qf,0.023222
juno15kunxjveapfn8pgqc5hgyrvw38mapdl2upuc5f,10
juno15nqukf39085m54u000hjlj5cdhw65u27k6km5a,50.4
juno15qnjtltu6hrd0fxfx6cpqnhd24mkt026hmy6y7,80.444193
juno15qqeu3mj4y4f0wu5758ym592n4aghynxkqk7f4,100
juno15rhwcde6adapfm7adpcr95lu33ypcsruv7px37,9.776578
juno15sd2c5hnypgrw8glrtr7tcspqcu835mkv0k6l6,25
juno15sfx9qfccwrnfp342dh2w8wx2jvfrln4hudt0a,15
juno15u3w5mn36qa6apaav9y8j7qnmz86a9xsu469dt,25
juno15uhw76l6hgs0lnq7pwudqce9du258ctjawxeva,35.17767
juno15usql5rxplvmfffmy8ey4v4r72lst7syu3scfj,352
juno15ut3tn7twxtwnnv4r7fqvmnxhy2ynp39hnfswr,8.794418
juno15wnjx4z4knp0h9cfru3cp0txpy5n9g5pvvm5c9,16
juno15wth2qelcg5tp33279kfhk5ufdhvedxvjqyev6,25
juno15x26esz7qyx6l60x4l97xznmk0wu0tzasp4cjz,26.383252
juno15xvalgjv5rs57ghjvyc7tcyadjmsj8j8gdmlxy,51.555289
juno15y6eq97p5x73cj39a9n2ftnlsensmyy5ytm9me,35
juno15zdcadql7savnxzzap3skk9ae4dvzyy8mtkcav,38.745615
juno15zwd722c425xyu6rwkvcd3dmzgxqd694yazqzw,34
juno1600utq378tma9vnh3tz43h2f7us7axa7efzs34,2.378408
juno1602cse30jdmctgque3j8lc78w2frxzhns0289z,35.17767
juno16034a0d2jxjf0cj3ce99n2qrg6l7nn56gc3sqc,4.884629
juno160v2vk9cmu0h8nep8ka9v3umuxgsxr9ael397w,35.17767
juno160wdvp32nwrj8nqvdyvgn84vq8mvd8dvkca99n,29.45082
juno162uqd7ftahyq7qmpp0mzluvsrym9tumq9e0net,2.5
juno162uytjrjee35jzd75kw603f9wcmgxutj0wph5t,210.5
juno163r2fakg3xdvjy3vrq3a84f6fxxduetrczxejd,35.17767
juno1659y47tffl9vdegsp6eq959g30lzkvvlszads7,0.25
juno1664csnfz0l06uywrzta5emkt2kewmx0uk2puny,20
juno1667mzjjrj842hag89xf6r7238ae9dwhdepnm70,35.17767
juno166jymkhyuyld6l63clhwrp2fup80rq64tar56s,35
juno1677wmg94tkldu8y56v92p4jqn05f3edl38zncp,10.667518
juno168xmhhyha6hc8s66ylzfzpdwca4kr8sk3drt95,36.76
juno1695sqw5g73ggzfxfeurwjkpgsx4lv4j28jw4jx,690
juno1696qscgzpma5jr69un5ddd3s3c5028u9kstt6r,1280
juno1697eu6zsqnghmac28a2d30y3ffxehpzt0stc5u,60
juno169x807p772hannrxl5lm6rjcexz8x82r8425za,1
juno16cayvvf9ytwxpp20v2n64em42h97y3tj8es2dx,35.17767
juno16ch2wpkret6z5y7m9m6hwswu2wgahkqzva6ah3,48.563232
juno16dxqfv5s4p98gyn6v4458qpgl2ws96jsrvncr7,54.18951
juno16e2ppfuazahdkfz8whmwasws744cdhlck5z5ww,34.076564
juno16ec467nvthhnq6s40r33a7c50deguuhe59qtqt,2
juno16evwm2pvj8s0g7lxy0us9ahgr2j0pdg7rrcefz,116.538686
juno16gd7qy55k3naxw08czy7p0u20u4gfu7gv4f3w7,35.17767
juno16gv8q27zjwdnll9m99z7sa78hgre888vpm3ks0,8.300364
juno16hzje85g809q9e57talx2m2quv0x4sh5e9alzf,16.205985
juno16jsvh7rdd564vt8hxc2l7x8j8k3hj3qnyk7elu,1
juno16mfca6k0cje3dc9hsx3x6tshul4tevhx7f9m5e,0.142892
juno16n0q0prqt3scpq3lqzkqfslz4902s3kk04l78l,38.128631
juno16n6klgn79dvey5mc5k73tvtm9nn58r77zeuuaf,35.17767
juno16pfkyl4a3uq239hr5cleje768m4nmnxth6rfjv,35
juno16puvnjljw225nt0nx7c0t2mfkas2wnfw3rzl7v,20
juno16q6u906vehfdnkqwm0w94e5ltth39jyukz94u3,8
juno16q8mm4ywqe0h2nxyxs4c5ldgvcp46e0w242tj6,31.17767
juno16qehl8cv6vdnqpdm9y07sxlzn058lc8cd5sv8y,5.872259
juno16qp4ttkkcgn6fw5dvwt7k8aqh3vq0tawy8rrkk,4
juno16r3wtvrpwx7g0lpr0g9vjksm50kn8pgthxx3z2,30
juno16r4n78rw0sqd0u939jlypnvpd08f9ux40j9y0d,10010.01031
juno16s96n9k9zztdgjy8q4qcxp4hn7ww98qkss2mfe,164.25
juno16utfr93pjxxj0tl5789m5stx0p9tn5lqe7gq65,15.17767
juno16v4tng9axsjd62t8um7n60nuruur8c9asm36hc,8
juno16v56nhglyrz0h90hnj2e69fywepglzgl2jhkmq,1.01
juno16w748zjxrzy5fj2suwqzx8wtrj5dy35dvnvj8t,42.579126
juno16wmk9m3sqlmz0l453pmgyp603f6nn4y3sqvfnm,35.17767
juno16xgl2cmlxqr2927rj3n72gdjjn5zhm8kqu4rhc,19
juno16xjxyaaxjmypzeapxq3grt34djgq08hhw27wxl,142.66495
juno16xxry62huavcfpkts6phgmjngpv9adnfm5kwdq,39.873185
juno16yqf22q2uutfxd7m2gcwppfep4remyqth92sav,484.478248
juno16z8u9n7tkkw57wgff6c4xu40nn5x5c0ku07eke,10.673315
juno17070wwjhlurczgm9658k7p9a8ds08shj4yevmy,15
juno170rp30un66h564egy8hm0mk2adpdv2czpww45c,35
juno1729shjtp88jcx6f3a03d0sfxde6unyj5fwhny3,20
juno172x9u2a5j2hpjq06mm2luy8cy49rmthusl93y3,35.17767
juno175q6smvgnuec5e62rs4chnu5cs8d98q2xgf4rx,2.5
juno1760pqeew6y0t6yhlvjqfmx5860p39hfq64dqf4,10
juno1768fz9r2c4w86kvckxfhpvha054rkc7r9kdvvh,20
juno176svsuj5nz07q2hwv9galz2av9csmzf4atr8xj,22.070682
juno176t0duptd66dp7qd52azun2xx5p4kzvmm54jk8,30
juno176zzf3tce4y09ghcws6ra7zzrmy9wwuhnc0msm,30
juno1788jq652xgemn204pj8zuctyc5kyz2k6hsfpnq,2
juno178n8r8wmkjy2e3ark3c2dhp4jma0r6zw0a4wuk,10
juno1799ly8ey8z9lry5qa0zafzr8vuhhzfhp0ejmcu,2.732936
juno17alrpa6shme0469cz7g43k5jqdsw8px5wyqnat,17.588835
juno17czz0ftq5w52hzcgjmwzx82u0a4d5fgnvzzmln,0.094
juno17d30h3rsr7prsanp45um2scljryp5xuekh8w6q,20
juno17d98640zus4k5xq2sdpp2kprmvmrh4a9v5varc,39.478237
juno17e7f9rh93jj9vvq38nzjygaf9tnq5dy8te0h9a,71.369242
juno17euft6s53xxpgn7n63swtg9nsr7umlmc5234mw,10.3575
juno17fz8ngcq2s88hf930kpgxgqu80pvjpv5p6hd3w,7.220768
juno17g2qm0atankjxhjdwzks3s9e3p42dxy4e2h2zf,10
juno17gcuws90tm6rsmg93vlan4r3td88yepk9rltla,35.17767
juno17h38jt0wej5jfuz2slvyjftr25cxzv4tp3ycjd,52.260557
juno17hwtjscrf2hakkxss05ykellj663dvy8uqe3ze,0.87767
juno17j9rqfx0de7uzdv40z3eg5d9d6yf2se9s77k7v,100
juno17k9snzl5fw8pjy5wk7vfj02angx9ylw2e0u96d,20
juno17l4rsnfmjhp6ysjq8l0cuka92jydy7ntpg2ykr,0.109638
juno17mmw8gpzrss2rq2mkk36f5yam3qv4sz90hhr3v,10
juno17nhy9m02zzak59nlypzzk3zn8rwtrlhfx7mhcx,13240.33717
juno17nkqlefug0hqaczdk47a6xxj6cud6wq2aj2ysu,38.085685
juno17nun6cg7a5xtu9fz2p8scxr7u9jmrf5v6xq9ss,10
juno17phxzzqful67yd7ssmqyfn940ntl7ngur58he4,2070.713963
juno17qf82c3xhuf2gxwam7fp48x657fcyt9apvcz9h,30
juno17r7n4r2q4d8v8jp7jvsdz80v06ux2zvswt0fcj,3.39
juno17sf97quhvvhljc0eungq6t64h7djte58phkmcm,20
juno17tnmg3mvpm846qks6y4dlzd7tlh8946cgk278z,10
juno17txgrugvf4snxrxladf8v9ge8lw2n4hj7rz45v,7.77974
juno17u5wm77g7ff389x8x4zekawllf6ctnhadappv9,10
juno17vz8hvg96lddwawdfygvu89ua4v7qgd6lctwj2,2312.30243
juno17wtjzq8fuclh0jqlzrhzd0kpwuq0h2hjzdzqtn,120
juno17xfpkp90waa9e3743gye6e0kemxr720enp985m,87.434548
juno17yt3y27vge6ue09uam9ccpsxxz2ykl5r4dt087,15
juno17z2gsgfrmcqu3gwnwxy3r8pm6mwk9m29c28tmz,20
juno17ztazy7gk9r5z90unj2752kq6p69vsaz52yamr,50.699222
juno180et9a70q4k8w7qdfdgunhxca0azwfnnet9qp2,35.17767
juno180xqk2neysezr77yuz9qp6dfhshttnrpfx40ps,0.2
juno1830649ahmsntdtqm4633cpslt3qllrfp75x583,20.19
juno183xh7f4umya7prz7v90z7lzq6g48wgeux49atk,26.383252
juno183xw8l4vs7jxx872hucdp56dfgansunz347nrc,409.32042
juno1849aeae0zp80s9e27cvpanxvqhj9j5tcw6n5fd,35
juno185pkxz294drwarvkfdlt00dgalsxdpmw866f87,0.407956
juno186mmwn5qnf2xpmshffz6rrs8pa7gzp3qlr4dwn,12.706852
juno187gjqyrdp4spqf7dp2w50lqwn4c2n24s43waff,10
juno1880z6724rrl8dnlmt82v59uw7ek0dvayhc3e4g,39.478149
juno189ym2ws9u8y6fk77dxe635kw9uyz8fr2zx64wa,0.006
juno18a6aqwqmm2ltfjkh4w8ya0z5yx5grra34fws2n,100
juno18as0t5t0nav8nz47rppddfm35u4ee2ddee6qwn,35.17767
juno18ckjkml8aed9glnmt4lgstv45x084s98p3ytdd,35
juno18ej5psmpj02wp4x962uu4gut2a902ug8c7tvzj,35
juno18ggnq5m5nnp5ayey8jtf5uacleuqef3nnfuujg,10.008346
juno18h48q2kzvk3jsngsqpncrgwkn0f0dype5qdgpz,35.17767
juno18kxlcsn0jmwmnjkfp3rrevzt3k7raaefwf20ga,35
juno18p9k29vyc20qrlksgn7fjqjjfxytnv6gfv6nrc,1.0444
juno18p9r4d4tj6gdqxyvr7rszp8kcz43zp4t476un8,354.569387
juno18pjf2rcwgygzt26d0g76z3fk3znh693pc7dsqy,22.017372
juno18qw9ydpewh405w4lvmuhlg9gtaep79vy2gmtr2,593.664876
juno18r8d704exqe88cv7dl8vencxz2vykxag2veqml,10
juno18sfflzjtercqwv3w4dtg9w6dlgvx0ps9qyxgev,30
juno18tgy7tmpng6qspxgwl4alvc0myq6ln7uekxh78,33
juno18tmkvruqsz3xjwzsh94yjr2jrnl8v7scm3vvgq,35
juno18ut040zez44fxejxmfs02ed6vtdmwhpe05y0dc,33
juno18v5sjcp8vz2zd7xpul8x98vyvwg5yc0lzca6tp,38.635494
juno18w3r86plh703fvpktjawepskq4gy0pgcw4pvqg,10
juno18wm3f6s7yw0f0la09rnczvu9xp8wkkxfyfgfck,39.873185
juno18wqp8ztgrlnqus856zufsvsh8fnuwv7aqvkzj3,0.100041
juno18wruwcmmzwlw52yskwvdw9kx06umevxrk5gdwj,20
juno18wycp23y69ky0rla4p75muzhejn0cd76nf8w9t,26.383252
juno18xkjmqrd9xnzw6myqmfhgj6a693es5uwvffs7s,30.820107
juno18xytphss2w57dv3pf5glkgy0g0595y7xpssk0u,22.749935
juno18y26gt56994yanj9092v4l4exf57zfvjh8uaxe,35.17767
juno18y2vj9fcm2t43km2v5xys0judjs9ulvtcwg4za,20
juno18yk2htwst6qxpghf4gyyk7n6m3837jd3388t0q,39.833639
juno19002ghhvt5ywlmrd5gsjm7zdtedjvsesh0948e,0.12817
juno190jqtkddz70n909fjmp7d30vhsnup5sr3mzk8f,17.588835
juno190t90m7zplw5rrq8v4g9fs0tfpr7mqk80wxp26,35.17767
juno190u9qqcqrpz6hw632ljrpdv5v6q97p9wlu5rr8,366.711844
juno192xreegzvn8vdzdvrs2y6dsde767dnxxzwseah,13.082423
juno192yc3zp7gl987py3cvlsvh28x5dc5pmh4ar9jz,44.719171
juno194vq0mqj442df6p3p5zrc9lzxt6g379p2xkvkd,397.99166
juno195juhpvpkgzpqcpqwvqx74zg58tcvjyfmxv70q,175
juno197ptejdhtc3f2q2ww6slpehdvh8dhtjxzsudu2,11
juno198uj3ffetplr9szd774wznk2ssjnjkghl87xcp,17.588835
juno199ndqufcfn4h3vh4gl6da0l6u8ct9scljen3x0,23.65499
juno19atggawer8mzqm282dgjat052j7nq76rgaam87,1895
juno19dyz6z8sagukd9kkpkj7g0ctt78kychsaldg7h,35.17767
juno19fhl0t4m2ek4hjn3pteqyu0zkrsve6agrn7h9g,1.229757
juno19fpgqdmq7n7ztguer60r98xl3y3tqukj3f4yt3,30
juno19fspadpy48fujhdt6xhdtc5ewn8q66qqprq6x4,35.17767
juno19fuwpag5az92hx56jec20py24uc0wh06mtqfy0,39.873185
juno19gqzgxe99gq6du2va5p0ahszklrumpkf2vjgpy,0.147634
juno19jtn9xx65x5q5z5d5k2egkk2h25a9pqfcznpr3,60.373798
juno19jymccs94r957s4arsdysmdcmt8q66p72lryyf,1.702168
juno19jyn93h8f2pafve0wxtpyktpdpjgrxvkzn42tc,47.865459
juno19kk2gcxyhp9qe8nrldctdjqygevqa3hn5wgreu,30
juno19m9w3c0hluahgv5ksgf7n889nfzc8k8cqvql6j,26.28994
juno19mc5kzqfqfn8h2fay90lpaadfchtmexvxack79,20
juno19mwsw0a5f2kk5w6pfjwm4y9k4l2h9c4tt95v8z,7339.29227
juno19ngy88uunen6s9my8pdadhe03ca3hwx98ytz08,17.088835
juno19nrvjmwfyvcgwp6eppuqfzsmm2y8a2we4dgmkf,30
juno19pywruxgxmcfcucsa03qzurhkpw4csremdxwlj,0.201398
juno19rp90u77sfnz3cfhuha4gcsy3xg9n0l89x3qsy,43.585657
juno19rxts5uqcnwj0k9sek9x7hjte67hj82wyq9t7c,30
juno19s3ulax9d53vyh5ftl85k3crf8g04jahs4j7gj,35
juno19s7nrzxwlwwt4pdk4dnk9wltnr67w6sd0u7lvx,5.877607
juno19s9870729lngap2kzls3dcyeu7a4m2tcxdd8te,1.577276
juno19tkec6ptf90qu69cnsau03c6yc55rpwv872gzh,12
juno19uraxqsucmfvzvdhjhu2ycypqfh2z8k0uh66cm,5.87963
juno19uxd4p5shqh2cp3nntnatds03e3xkkgd9zurmg,20000
juno19vhf9gpskfynxcptceyrxnu9pf7yzq6r3kzjpm,5.270845
juno19vsflxdx3c0tvjjdsmp3ap4xrkh4zx2v2u9zvn,35.17767
juno19vvlffwc8r45dma73gfj42nqzhadmpke4v2z07,0.17767
juno19wwykpyqvxpedxmdl3es5h4knpw66fkwmdhvf7,35.17767
juno19xzj2a496c9tx9c3zq78wz0kx5rj5tljmk3lvw,0.269751
juno19y38fk3ump0f270ptfxeunzkdt73uffawvafks,23.006863
juno19yf3w9qhw0cfgaq658twnx9zzt48zdqpeqjhdg,20
juno19yssr677uxtauv8hpfg4t4ystqx4dj9xjwc89j,20
juno1a02gxhfxr49c87secnw98sscps02f29amf3xqx,19.8
juno1a0jykd97esztf4xu2edeulwcqffrl5ehvq28xa,5
juno1a2ng5fxde0lq7y545plpwucrdnmwr9vr6g79kr,20
juno1a2xrss350v64a3rqdlnnapelhllrspq4qmlyes,35.17767
juno1a2xsrfkvdeqa3q3m442vg2m6n7m8fhuwuvzug2,20
juno1a4h860nmfgqustk48l0rhkyff07tl3peqya6j4,489.649836
juno1a52z7hv44drvfupr3c6zpdclp70cy3clyrvgak,15
juno1a5k7v7r8zglta5k3r0f5gh27fqwjn2kh5adnxm,20
juno1a7zgasrrnjaqnqgj74ma6mrqx96lfhtfag2ncq,379.527782
juno1a86h502rpxlns52z987wj337zvyenjszk7zl08,20.686189
juno1a8c5pex75w8wum7hk8unyyd9g7uxmyqrc9c999,82
juno1a8u02d5y8a9mlwkkvwegeurhxu8kc970wmutcz,22.384503
juno1a9zmhn5ycxtz6h0x3f50cy2tdcve335ddlld8y,35.17767
juno1aafhuy3799z0wzhud8v48gjr300gtfykljjwhu,0.242083
juno1ad70kc9m0lqfw89xxt6guje6ud5yghcpd7rdqt,2
juno1adnj08fy57u8z8vpwga9lt4rhufrrp9n6hr4z5,31.781998
juno1ae8cx2weruag79gh9dpz6p3gydamv3zy6702zm,5.17767
juno1aekcc7v4c6vxvcx5njmer68y8rrln7jxl75raa,0.01
juno1aenrp6mh2mrv2e6caddvjvuq5ere3htcwgy3p0,111.986972
juno1aevh6nf4y7q5yth4jyu780tppq47psrhxhyu2d,20.178615
juno1agege7zerzcqm7lhc5j5ppzf8quetev492v7dy,20
juno1agtsqw2vlyhes4g53hgpvuzpdq7s2gahc2trs7,28.148543
juno1ahn0mdyxws92wa4dudc97x975vyg0knyj9u970,35.1
juno1ahr4zyswcjhq3jleftqq2ankk9rhpa2htukxhh,540.573405
juno1ak5eyv0r25jzqh6g3h2502x6t7g27llgxmavh2,35.17767
juno1akgvzm95wq0zgp8yfpqj8r43z407w9zy224jw3,20
juno1alnfjwzvh09px688gx3765ke3mrn700lhcmeex,3.517767
juno1alnkrmr6we5gmqjslcd4msc9z053te4h4wtsx8,18.893965
juno1am80fauk3gnzcr76ylg0yju4f0chen5x9ld09e,0.639239
juno1amlrs57zsfe8gngvp22jah5w6uhxx4ur42ckqu,314.376404
juno1ammx459meute6x7lsp6wds7e69gggzysdku06l,6683.380086
juno1ane5s5mvee2ldzm6wv9erxp6vw5wng2c38taz8,20
juno1ap293p4fnaptt59l7sm67jejurxwxm58p2jvj9,10
juno1as3gmpfsq9rxju7fzggvcwsxlgwql5pspjphdf,35.17767
juno1aszpxp86gq9qnw8yyyxfkcfcau0870u3uj99qn,81.973719
juno1atqxvs6qkvr0402aactlcl9xvl3670wyfr34s5,20
juno1ave708489rzrj64ce2xq7ssy4s4cs4f9xhn8cu,300
juno1avfdytrvtz0d8sfy9qwmcx8lyjpseurvh7hwc4,13.651474
juno1awfqa6xjgzcfe9w5aaaz7trjcpvd92fja2kmqt,83.353511
juno1ax9aqu323m4sxaakwhu9a88tctdunzxk8lka50,139.980312
juno1axpad63kfpcalpmc27t9kt7q7d4cztgp2xd4vg,5
juno1axw0250f5grefkp9rms36sxd9rz9s2hsd37xe0,809.665308
juno1aymeq6xj68fkska4twplh46kgtw99xuw46puvt,35
juno1ayv72hjaz50hjck7rk2l7lkll0t30npded0mw4,1
juno1ayx8cwmmt9h877785j8apkw6043sj9q65lv32y,34.325675
juno1az0f6dhncud2ku4smyp0vz38fyhgtd4jllwl04,0.286061
juno1azl8d4w3vmxe4pv80xw2fwyphzr23kqzlrx455,5
juno1c0l29gvpj7n7wq4mmcrszvn50yt723mdxdmzpn,16.308225
juno1c35ad98af8tnygtcplgak22dqpupl0ruef04rf,39.9
juno1c362wx6uzfuncgm4t0rex675pzxq7nmp8mpafh,17373.28287
juno1c3fes82hy2m8cnqm4j5plj5d4exjnahflcsva5,1.09172
juno1c5tkr33wypezsfy02wl27tmx9852l30pp28qwf,1.140778
juno1c5urs43367tlc8a87jslqxqxahchr6jadz26pk,20
juno1c785a7uc40d7cjxpmnrhr6y230sshcsshmm4up,35
juno1c7c8un9v8th406gv6x40nna45pc3gn40k2lxjh,123.894791
juno1c7qm5sfp43n0xly83w8p83kcxjkc3gj7tvqn6v,10.004377
juno1c8e4fyz822wk463unqd6ku6ajquw8ryuz8t8ql,3.514549
juno1c8ypchv4dzlz090qh5h8jkmt6fmu4km82j4ku9,351.579047
juno1c8ytgnfppn8z8672vtyc2pxv5u5d9vswqrsy4n,30
juno1c9tpxanexwfmrj5ywf282rvnw29vleselyc45n,2
juno1caekxqsxp7mm660n6ur9ddpam8txd4cx7kkshn,20.293386
juno1cajpjmsj5hsuvr2v2733nhg7uaqqyvady6snfl,12.5474
juno1cc0k0tahc9s8sqd9yzx4rwzc8w09cfjuk67792,35
juno1ccape2ka4d7n0mry6avz8hwrw0wa5zc0lwxeyq,35.17767
juno1cclvds6qkapm7d6m8akag2z2kqgqct5gdt8xt5,39.683755
juno1ccyn9rd6j2gxd0rpuxpq76n9lzejshwac68q32,10
juno1cds9fdym40240pxwj0s74y59jugrj963d2qg3d,35.17767
juno1ce3uxwdn86anrwzq89t4ugvrtzu0a53c0565g0,35
juno1cecajzcrephrrgv7frpyt4a9rkw6fluyerlvwa,97.234003
juno1ceeqym2q878ek9337a5m7dp724cap00nfsx8hp,7.886602
juno1cfr88ulj2gx4fdutt76rxp8f83a3tc557gaqay,20
juno1cfyvxaxtv5chpujv6jtlg90rwrvvsfnwjnrh7f,35
juno1chckfyh2ttpx9fhu7r6nqnrsfl9zeptz9qxgy6,20
juno1cjy0p66aa8l0vteh3vsau9qwnmujg2gunkuk9g,48.10045
juno1ckdy0jxek92rq4r9n54qcgdslhcc7pdy6x6jfa,26.383252
juno1cknd5algcc66ujwce0x6k0wmzvf8zja2zdk3sn,32
juno1cl3swpzudwjpwmswcjldfz8gt2p3zy4wadazhw,548.246549
juno1cln4lrekdzpk9kvxh5sr4pdgtwvxe0xsj3lhun,34
juno1cmcjvrxvjjjmwn0xh4kvhdl8h3vwye3se7ju4y,35.17767
juno1cn9tlqutcz77l34e2pnhtuszd0y9thz8gf668v,35.17767
juno1cna2ddd7zcxcv4ssc4ffmsk4zvd4h7qle880nu,16.749413
juno1crv6u7dpgqpsx2qyg9w8hfc6ppf9dpanarucmg,2.994103
juno1csf3up94qheqz88fvvlwjl7vc5sdymarr25yc4,35.17767
juno1csfd4hyvy63m5fe9pjafx0vkanrud0d7cevfr0,35.204166
juno1cthnjf6uejrht3z9p59krs8cagt8m6lu06j2x6,26.383252
juno1cv2ys6p0hdmfu9nnlqrzfcm92kv44zg204807y,33
juno1cv6m0del4p0rcz2t6l8s37mlspe5gw5yu7mdt5,9
juno1cww8ylq7ge7ps8776qvugasd6yks3c7uy8s0x9,75
juno1cxrr8e8ac76llvd5vfcjnap7jd0nnnejsqkaa3,35.422533
juno1cxwqw0853du2cljtq7amx8ssp4n8rq4mvsed99,25
juno1cz7shrqp4jcnu7rj09m2cvm85fml4zauvz2kq7,35.17767
juno1d0dgkpdudvvxq9h2hu2lnt6zkqqxy4wk7wzlw9,61.479653
juno1d3e6rcgxcfw46hgtu4x63dhu453mxdeuxx7r2s,22.669599
juno1d4ct9nrezqyqplpwyaqun06j6463ypjddkunkq,0.055808
juno1d5jcc2wcpwppjcl9rg6ysf73xwpp6g5tz3cqru,325.960543
juno1d6wnlya8vlvqmrhl802t9tnrwa9xu7rrsl287d,271.9
juno1d6ytk5nmc64r6p3mjfdqg9g5rlm5ca3mve77rs,20
juno1d97f2e7a6ds03pszlz07aw7am66ezh9fx65vm5,20
juno1d9cw02u9zmxzp8lef96ce2mhek7dmv2x8azf69,15
juno1d9zzy9rwmlfymc929nweeqccn8td9e9yhrq8ft,0.3
juno1da85gjhaupl8ae7ee66sw9zh585uu9j3flavda,46.646212
juno1dc0xs05usqwdgcx9kxq2jlglfkrfwdk2njfpwn,51.210537
juno1dcjj443v8dhe6g0wvvwk993mj4um8n743raykw,35
juno1dd6rrw3c05sw8xhp0da9x3ndctnqsl473xanfy,0.7
juno1dd8jqldgzexz4d6shz8rzx2ypn2wz6t5uwq3sl,5.17767
juno1ddcf8prazvw22sm9gd98gau7jhwxhdqpeylzfk,42.151802
juno1ddmmtady24ncs5z8k5tuqyvpcfvxjc6up2pdf3,20
juno1dee0v47ducs0g2rm5e2urx7ruqq43zxahx7a6w,100.922633
juno1degr9kam3sdzfhaaydkg9367r60qxd2h3lw9jx,1111.771447
juno1dgfyht0xvk79yj4paqdecqt0gntql9gkv4xegd,15
juno1dgjxwxtu4ztccvpke9v3xtqwjfxyuemycg07y0,1667.388399
juno1djqpcjyy2rcphlestk64l3c8pt48udh3hnk4rn,15
juno1dkk2awqq99ylydjhua6j2y9l5z8c5vg7l0eu0u,30
juno1dkv08zcepkwvzfhmf2aq0jy2dtqtu0hhm56g8s,26.383252
juno1dl0eq4809xwzye0dcxkd03mnyn9x73ha2qmhzs,5
juno1dqshdqs6tjy2jpk4k6getaq65zc5ccy2af65tm,41.146847
juno1dswkrjk52mmz3n7sdre4xw3f2vv9q97fht09t6,7
juno1duvc7j29jyryez576pr5lzm7880ez9r6xhydgv,750.447762
juno1dy2hp5xjk5p7340z37qwnk802xf3hvmaqlwecu,13
juno1e090tsv46vz2mj956j7alc6lus2d3gqvlwukpd,13
juno1e0v83jk03v04n2we9ha4hq4dwt7sq6gk7huv7u,6.858116
juno1e42c2y85gdx2p4733amk3flytl3l4xf6wlsf85,31
juno1e45gp4d3arw9c8g4wc77fj7f0dwpuywhduw4kn,0.014627
juno1e4998tsjqcm3v63vldm23j4nmnl52p307hsgjs,10
juno1e4rp9hrhxgw7gdtntvhrus2s0j6k80jlhkszek,26.383252
juno1e5jprrmun9t7tuuk9qf3s7nu3mg6yq72teptkz,33
juno1e69n6znf95ru98ydn8f5qm3qw3n7kljtjc4qqn,10
juno1e6mrrtrv93zzmuapm0zywcaerlscv2an9xvnj8,20
juno1e87cnhulnyfh0fncrmfyvmd3t8ndk6p9dcqznt,3.1
juno1e8gddqsrku6j9px3qwsp7kd0lruastrhjj2rha,54.423082
juno1e90erfgr4x5h3rnwr60mhy2mne6r04ngsu35ld,21.388162
juno1easq9s4jse9ntd0jv77tpv5jgvpu2wej4u7jl7,20.50416
juno1egnqj3r7w7zkt9dpngfjst8v4kk53trsf3u6j3,10
juno1eh4x428myh6z4r58z58cdadaaegx753wug66ah,5
juno1ejft5fheay20ncmuzufeumwrsahlz3v8mknhfl,15.154247
juno1ek928ap5l5fr62r8fa40nm8ly95p6akuc7cux0,1000
juno1enqzp9zv67jryk84v2d5fc7g6ykuzlayrr3f3g,35.17767
juno1ens0048gg7sja68nc5awu7wunjd3ewzfaxmfq6,20
juno1eq95dtmcsel7mkq4fqgk77smjx5m36srd7pgju,35.17767
juno1eqmc69sn6zaz2zwhkf0k3stnm2wvt32kzg4gg6,35.17767
juno1eqntnl6tzcj9h86psg4y4h6hh05g2h9nfpnwhd,500
juno1eqqnxruycteqs342ufffjv0yg6pcfvc2s8ldwc,23.373447
juno1er78lqy8s0y9t6l3klezy57xhlp86tthxvhfmw,19.5
juno1er8lxz09vwjch5v29u0mte3ln8gp7ygeulrxuz,7
juno1etgmnnxuj93hd75356guyn5pj9rpg7w08lsz6f,2.261002
juno1etjt4a5l75vy8jd7tgw0s0d6q53u4s3ev0nlxr,10
juno1etwuyculezyrfzq90um87dtd0k2n0d9r93cu6r,1
juno1evdum2v5zzm3pkyv2lgnjcezatfd974qh770ue,80.601546
juno1ewrlwrchdhp05x98v7q8x2k83huuvgg8ths3za,34.672173
juno1ewuhqyqxkxl2q32wc9fwpr5m3hsnxwemsf4u22,16
juno1ewydr8n2lzqek09hz9gnhj9md87tpxsx0ge9mu,95.933291
juno1ex2rzhl803qa2f5tj0qu0ng5lkk0e5wmm7gxg4,37
juno1eymapsam3l5ymas76avez0adlvw3u293xzlfpf,60.448074
juno1f39ux5vduek66zstqr6pzzx3sxvd0zx5z2qyfq,17.588835
juno1f497lfypmszxd4dnfqc46ude5v3sercr45mnfs,35.17767
juno1f4hmea7xdje20zcqtsrll2kzkgrwcmyu4w76pr,133.379679
juno1f5v2e2wy0syuj9752zlj90pd5ne8zcjyttdun6,20
juno1f9lhlq4p44sp4t6cx6q3a4kgmlaf8phmkwyrtj,35.17767
juno1f9ukp5anml27kzpy0ymahgc32p8rdpttmtctcg,10
juno1f9v6a6qnylvz7m2aqnf45la5cjy6avhvty23ag,0.131998
juno1fa59jlnx2aljljp7v2n9thc8ul9y74pwccymjc,47.708888
juno1fd0qejmqhy5my58kg8f052hvaj5qsg4kewwxkr,10
juno1fd2ayfu6kmt66jwr62eazet5y5hp8e3a6qgdve,6.958519
juno1fd6vgzze8hnfkrc6fstqkm2t92nsyemuh9krrw,83
juno1fddv7kyuayq3wa5cekyxf5ayeht608mquzxeja,15
juno1ff5fejut2jqsfaz4drlcs6f2ak2c5skef3l0u7,10.006761
juno1ffpdl72gvhwm82anjlzg6r0pjuj6y5sn83etx4,4
juno1fhj2hfs4vjapccz8f2mpyjg78mtwaueq5jrpzs,33
juno1fhlvuwmtalyt2qda2manf6lxsjdv4zxwttdwqe,35
juno1fhnc5vtxeclsqpkk8puyx4vmcuxypps0zlerls,30
juno1fj8d32l98legw3l23ag5gl6ulc64akfr5qs6m4,20
juno1fjqcakq93dt0dw38tkzhgzvuycrwyqwfvz096g,20
juno1fn0h75ee5rudwfnuc47nrkqes5pftp373xvrgj,21000
juno1fnerv4upel02mpmsxmfz2zhtds8p70zwc9524s,19.5
juno1fsczk3dj3eqp62qeeg4jcwvg939zwa676y4pjj,6.460636
juno1fsx7dp43djc2ujaww6geftzakvym449dn5calj,20
juno1fsxxtzc7g8srase4w8lsl5sp5r4f2xel8c42ts,20
juno1fu2q30r2pklwgley0zvwknwlwgexk4jzx09jvr,10
juno1fuspwqu46zetamjl4qehzp63l70jqam304lwlk,294.239853
juno1fvnn96kq7xex7t365ltva3msu6ewntxfcjhpxh,140
juno1fx8c0pdzyrdm8e4ufm8ge7307j8ra94a9d70rl,26.011542
juno1fxjjrvjgukph3286xkejvurnlgj0zskshaaadm,36
juno1fy5n7ewwrmc00hsssuvn9v0ssgw580s3k0458v,17.588835
juno1fzufmzdfujlwvfvk8wfxfxgsljsw6cnl6y5ly8,488.648583
juno1g2xwrvr5zd37vcmydc5y4dz6s8qw04ctwvcwsm,451.036371
juno1g3xal23aj6l4sll60hvtalz3cujjzcx484xcp8,0.12681
juno1g4g9rfhvuyjnx9w0a3refv6y6v2k0lq5q03w8u,10
juno1g5435cjhlm4s2nlmwln6ess9x4lc4qgdltz3cx,35.1
juno1g5tn2xq4m0ch0c7nxdr4usf08aqfnu2ua0apcl,36
juno1g65nklzkqjfgnafnl2n7k63sfpntmh5l7m6qv8,30
juno1g692jde5e7nqpml4rmxgge22m3qvft8uewj6uv,154.264521
juno1g7h2yk0jsrxenmw9qfc6u5r2z5lnnzsl47z9ya,37.327367
juno1g8da45wq3pzrm6eunl3enlklk4hnvn82mhyeu7,35
juno1g8yq39gcysxam0hzw5qqwj67p8fce086ye968s,34.17767
juno1g94062p2vr0qju4rltyxextdk7exszghng0n0q,10.675097
juno1g97we496ef0mt39jse82r67lmy2l7hw6cq7w8q,265.690169
juno1g9cv9srtdv38elv729cr2nf6ukzlr4cc5c89ag,54
juno1gakeuauc2akv9rs0c3ezws3qa46hhuj4zp42qk,19
juno1gasyx4hrk8vnsfrkvzfck79hxggta5dztxv5xc,10.613324
juno1gca7xukpr7twa0dufw4q4vuqt4g26lxd9vfqhf,35.17767
juno1gce955slg5umj6sfesxlcs43zahdyheat7qhjr,1
juno1gcj6dduz4nde39xc28v3ftrwujxje3nazv5xx0,5.710979
juno1gcvdcw3v5mmrnxa96g5fdluvwrjuq4amx7rd6t,26.19195
juno1gdhufdvl3hl4s8p05w8r4mztlvqgglgqwde044,1
juno1gejwt7dp0x0fhv7ep3f7sr86qau0dx0xlyngpe,115.908299
juno1gfje5jjtz37psn067ddyv7nhgkuu7g9lzk8mgg,20
juno1gjh6atlq7xypygs7ga32r75kjpey09m9d9zpre,1.490535
juno1gjkf7tlgzrwgvlpcyvrsdv503p49tx8ff2dxz6,82.153873
juno1gk6py8fukt8dnaad00atemjqjlhjlwv946dp87,35.17767
juno1gkqqcg8qhl2h0re4cmz3mqqnm8e6999j8s73xx,17.588835
juno1gl7h6v5z0qxwk68k5qduy3jwngw73xxleg8vn7,38.669215
juno1gn2saq5vy2qjn9ktn8rl9cx9ajvn8drcf3u696,1.359959
juno1gpletec9mskqt7rpjcrv5n5l92fjvk0x9jvehf,10.005177
juno1gqefpgpvyhhpk6yep8kqkurqve63dx9j03z5pk,19
juno1gt0mt8vm5wa6a0t6un6dvs0x3a83twm7ulfk7d,18
juno1gtaegw4m2n7ww538fn3chnmnda5mqe73q5p33v,40
juno1gtfd6wp8mqnuf05cfh85rw5zwx0xf8kvpqmk6t,51.169406
juno1gtvrzkmrwtl9un5qan7rk4ufmc64fudupssxkg,35.17767
juno1guagrm7cz9ppjt3mjxtan757ur7z7pmzl29nq2,35
juno1guger5vlqy5r8yhy29ay62aqspslex5ej0r7tg,35.17767
juno1gwk3r3zrnfxcasat9xapyua0prsvmfvxaqrp02,100
juno1gwqkt8rka8kg67x4f0jnsvw4hgv6rejgq8s2t9,5.879954
juno1gx00n3rl5xa8ql5uu4glwzr0jrf07ta88jyfgy,40
juno1gxe0aq7wd3c0ufqy8gmw9sg29ed4q9vt2mt2tz,3.723617
juno1gzln7fwa3md45al9e4cg75q77j8zy3gvdnhla0,26.101935
juno1gzr8qv7dp3dzx0a6mya78z5jr3qfeyt9n55euk,5.885844
juno1gzx6h6qegadtsgwjwt64g53dn7r3c38gxsj2dq,32.979066
juno1gzy0f2ggfjk6mrlv96nlur6awqdm2hd5fsuzn4,0.017767
juno1h2c6w27465d3tck24784edsj489g525pk4zxmn,35
juno1h35vyx2ey2z4p22nj9cvwwtputyup52757wu5x,95.081684
juno1h3qca6fp2ksyxg6cm8nzadmy2ldmet5rla2n22,13.604217
juno1h47wrcukaasj90p97rle7lnnw79pexwxakxwrh,35.17767
juno1h4d0dyh42fe3kgjggx6dr7n7ld3hlzvz0ha6qy,112
juno1h4kvlegxqmhg6l697k85kr7qjyqa2a78ehq9r0,10
juno1h5rn2xepn8lh5afl57rqdkwrgmy9z5t03f4zy9,931.073134
juno1h5wlg5st6usd3w5ujum5p42yg38p6ghjqwww2a,19.634273
juno1h5zmjyv6uhxxlxmsrjm6gupy3qth0zue5r5t3c,35
juno1h62d2ymq7ym4snzxk84uel5t4dntpcl6ejjc95,19
juno1h6vm4me57tpqqfxhkgltll6l36r3yfcwx4neqv,63.774463
juno1h6vycrrdc03kszkemg0eqfc4lzuqe2ypuu7xhj,1
juno1h7eku0ww7rdz3rkrqf7ptttwhcmg8trf6m926h,20.908478
juno1h854yzu5x9khc624phvn6tqnpgcycam0x3ywte,50
juno1hc6qhk9w4y56khdvzesk8nmpccdvl43cramt5y,110
juno1hce9n95e33qplgxujezffsv0sauj9x0c6zmq5d,35.17767
juno1hcxmc3zxc3exggf0gx0hdd5sry3kvq8ntkkwyr,37.383308
juno1hdm6h2qvst5z4au2jrt5yfpn2ptzj33cffme84,57.2524
juno1hemzsmn8tvnkzzf7rr5wsvy3ks7d3tx0vlmww7,26.383252
juno1hhygske54sz62vgd2vqxjr4k76a9wl5lmhd2cq,37.58644
juno1hjlszpuk7slc06e6rzy4edfz5aqya7398w9djk,38.635185
juno1hjt3payed00wp7zh80safvcmz6y64cqh9epfq4,177.762959
juno1hk4q9xvhettsp5qvdqx4c4kjjfwd8dw7am93k0,17.588835
juno1hku84ve9x9n6dfnpllpz9jzghtg2hjvhf0e2m7,40.236613
juno1hl5psaux2657ywj4385yngv7rt8aj6ff7z3hpp,35.17767
juno1hmx5xqzagk0pyy8wgyqt7qpud5366kn4940f3n,15.989475
juno1hmxu8rhg906hf8vedsrqckn2ascqtxewcyfxwy,35.17767
juno1hmyahg20gpn8tah5cr86q34a08fusglwhstvjv,28.581857
juno1hmzk8ngj5zx4gxt80n8z72r50zxvlpk8kpqk6n,15.758916
juno1hnjs6pam2dnhfapfmwmsxlm84c2am9g4n0ad4m,52.691288
juno1hns3f3l86nlcyqxwz598ymmpp5d4ztcgtzux29,1
juno1hr4axevyz0mn7fdj2kq6znw80fvr2lc6cs2phz,24
juno1hr7tz3qvyhlpghtyfxdlwrfkw5zcjkxnslvyda,10
juno1hs9f9ynf3r69wlvsp5kl9naduymdcyuh533prl,35.17767
juno1hsu2avgkl7zcfnasqhvxhwv2fnwytdh2kp8ttx,39.399295
juno1htprqwwpkfutt68elmrcf8m03psta2fz2k8l9y,58.577885
juno1htr84ep3rr7vwkaldqqv7jvpgnd6kekemkj2j9,24.790876
juno1hu4wfuk3nqzunz02y3lykml7wp95ql2fvyvguu,47.67535
juno1hva3x5f66ua643slauwwh04xkwu54ezk0edl20,65.02117
juno1hwffuxkuynhjc3r8qk3el4n5gjh7vkzmgser8a,35.088835
juno1hx2gy2qnx7mf32cdc47nvmk2gvcft5s2phhdsu,25.383252
juno1hx5eeyjep4dwgckys9xx34akvtpy4ga3wmjpwc,117.964764
juno1hxyaa7h6avr0tttgrupqjcszmglvh7k96qamxf,35.17767
juno1j37aljze5knsr5rh6pr7wlfpkglx3vv4plfpqc,963.978334
juno1j47uh688gyhfw0nfk3h5ud7y9j8zkcdu3rrlqp,2
juno1j49p54exgzsqlpww9f3r4suc87uddjpkfmf8z6,146.061127
juno1j4dvmypy70uv5gzef2tvj244qlp7p690genzpv,493.203527
juno1j5n75yls5aun28eu02w2hdthmtx29pvexk750t,100
juno1j84htkve0y2jz7rl3dnkphxplv9va4hm8a0kdk,10
juno1j8pf05c6vn4pa0xf755ug6p37yfc403xvqspm0,20
juno1jcyq38jzzsaa4zmjfhw32s007882cq0t0tq5t5,28.501327
juno1jfnnne6csmhds4y3096td5ygjrwuwhnpvaaz9g,35.576977
juno1jfy2dg4dka0qkccp2zfyk65dz6xqv0y6a5ldnp,57.684664
juno1jjwf2052uy7fvl8tl65lgxnyr7mggc7vu0nrm2,34
juno1jk4a54lkjc78uskl70cvqvl58sx2tukyhkvwyw,10
juno1jp3de997mc3p60ptpqcnxw5drhn863g93ekhwu,35.17767
juno1jpz87kmpuy3celxmfdlfzalmmeh8xrv62rsdl2,15.17767
juno1jq5zutwuwdyr2h7vf0nlelk5f45ja5cae96kdy,40
juno1jrfj0vy4t6dfwervf298ph7c4q2rek28tzaqh3,40
juno1jrmzl2gf05estqtvx6zud40psqet5s8vffzppq,17.335
juno1js4f9mnjastquhcnpq32yzrlj2da3ygc45a0pp,15
juno1js638yd8j0yjwg3md9qm2aqc0zc008h0wrpdhh,20.92039
juno1jsl39dn5swpa6rmx3lfpydyg72dg0dqg503w6g,250.941172
juno1jtqn2f0h6zvlnpy6k8h52yfez5scu2asu93r6l,35
juno1jtzmwppdadmyhv6j68dujwghrp8gkr8s59p5gl,142.391899
juno1ju6ktm52zy5d2aggjxdxmcphx5yyhn8g3mmq8n,5
juno1jutcjd4c9nl3036suwl4kguu4w9zntqt2lsxv2,21.507125
juno1jv44vay7a7gp2sk7dmrcpncj09544g05nszfpg,19
juno1jv46u3ney4rk25vkqdns2d7kjd2fwd3mh9tnnc,35
juno1jvm8gy4lgzcrsagxpyhvvxymz982y3j59guuuw,11
juno1jvw93k0asye9gc86fev8urkhnxzxhc68m597ly,37.348206
juno1jvxc8hfd2x7s6mrs2j8qa0l7eruz8nddzd4mfe,20
juno1jxajys5atelv6afuxrjw8afxtyhyduczl5r9lt,35.17767
juno1jy3ygr6kldcyqcr2yk9z5hen5lgj5827jnrdqu,5.87499
juno1jycxhyur2k0447vr4k78xye0avnscdnxuegmmw,30
juno1k0dksss83h0dyyw2le0hkqmr6y88am8t76ra0v,35.17767
juno1k3u3s7wpf2y8q7ecg00u8yke4u0gepkw3skj3j,1
juno1k3zhx2vn7s24wnf2456frnc7wcrjnw7w4zd34p,162.25565
juno1k4yykdjpfpeadxcqx9ywm73qfye6mv4u2pjclr,20
juno1k6hytvfenmmr34l7t9hapw222hpqwgp7yc33c7,10.668967
juno1k6vtz5salf7ed9r90vfcamtxpxt6zvw9drgl34,17.505765
juno1k8qq5x7fvregzqwk4rgd6c624pm29q3w7604hg,0.803896
juno1k9cspanymj2ffl576lgtp865dnfedqzwsrzsfh,1.996379
juno1kaem9y5vkd5hw3tx0gt8gzf937pzu0w55x6u3d,35
juno1kdq49puwa5pjptxjnldagdc29sm7ghemzft29k,26.383252
juno1kdsavjlatpqagmj46my3akzgz9zuyclkxjgfvc,20
juno1kez4kec7kar7vku3p70fgc0nn2j7x00jwkv3jh,2.09
juno1kfc5gyquzwug4hg9ykeavauwpc2j5q0c8m37vn,5.87914
juno1kg5ktqam3u2nvt34yjypghurudq2hcfgak9ja8,0.15
juno1kh7a5q0zcdpgz8d780ynrryakhwf7ag9gm69z0,89.048514
juno1khhy93qz9dvmcfcd377lact3kvytp9x2rndm3w,8.794418
juno1khq7neq8ct3sd3qa0xjs08zqlhrzrj8rjwaqux,35.17767
juno1kj90spapxu6a25wq9m3mjdz0fuyl5k2wf234sf,31.743406
juno1kjtmkagp4fz7tx9nsu5a2xfnz6m50nudznr99w,1.01
juno1kjusn2sn4950zr449e70zgqhvtlc2rpu67sdlr,73.474894
juno1kjyk39gqxqeh7xam6ejc7l3ng6edgsgnlm9jmj,17.588835
juno1kkn4cnql8sy4caklspm0vxjfnmw58sjk7wenyp,35.17767
juno1km26nq7cfqe3ljalgx2zzj6h3wppunfn35xlth,25
juno1knvufwz3qj59ucclglehfv27veatvny73sqdet,20
juno1kp5spk489lja5ceheqdazklk9gju5dan35p97y,1
juno1kpcjmlzy9vdefp8dwe7860jpzy84vmsu3uepge,35.17767
juno1kq5uvxhquzajhu9msdkwp9lnvux7gpa2x0kxmu,20
juno1kqfjv53g7ll9u6ngvsu5l5nfv9ht24m4q4gdqz,200.067003
juno1kqh8fjrpj2cqmunfx7fmz0rxfyx06l3f3cl9mg,50
juno1kqtu5swvgzqqe6es7l6sj82swg7g37l5w8hzm9,47.093519
juno1kr29ydcuescpfp6gvx2yxtlzelje30g44tcgk5,39.5
juno1krgcjr8fa3ty0zkxflenyml7tc4l9yn5r0xy3a,38.745607
juno1krv9mfpdy8l7k33ec0qwjuwf7a35g52aqt7gg3,14.960089
juno1krz2jjuqcry28rz6u43hkenr43euqj8nnl5uym,0.409731
juno1kt5gzt2dj6dzwxf2guwfy4udu896k3lyne8y2p,34.042002
juno1ktvnuysk4lz0westx7wg9q6rggz8e59zlf8cjp,79.544765
juno1kvkm8p8dd6xamfcdk9es7hylsqgrvhdmcsmf8y,0.167753
juno1kw82htksxcmgfcjpkvwqmn447zhk62sg52mjkk,15
juno1kx8z8mrd3nqkngja6xmkwzkhxf7r7mtukxpf5x,1198.467811
juno1ky8473adh7mgzsw6cwnzqmhvj96vqe80a0kk8f,6.1
juno1kzanc3ktmmdmn60amae9gujkmyl2t9fjf4h7jf,0.224383
juno1l0uyf6ljnmdaw4ngqnpfgtrg4t9ym0g4j9d669,5.87054
juno1l3uc9349eve5qxlczcx7e9m7lppj78nnw55eef,13.588835
juno1l40zf8gfrlj9ht34ax53yx8w4tehvhdrgkv4kk,35.81417
juno1l4xc2l2vvzldxk8pf8995t0znp7ul6yce39dgg,1
juno1l582g58hd2lsj6h37avgsgs42zjdqxzhgxp84t,35.133252
juno1l5avhja5c92u3axgenufj9c6s4j4xd0wqshc37,20
juno1l5nf5vws4h2w8zx9k6xnrwzzlp8e9zjx8z4e5q,6
juno1l5x5tzg9v723nurtvkppst9e0q3lmknca5qa3w,10.144425
juno1l67m0gefkrvq0x78kf7fpqld3j4yp5un82qdj6,30
juno1l8cd00ap9rwymqq97c7dm7cep6qz93su3dnwm5,35
juno1l8s9cavzqqseklngr68vfsm96nku6umxe5ue94,16
juno1l8xam7x7q8rpsav02k0j8nhexxxhcgwf6dzwtt,1.1
juno1l993vmhfzhc4fxp4qaczwyvvh28jmlzm3fclps,0.303888
juno1ldn77vleynpp0dmejet9j0n7kemmpqz7aeanxz,35.17767
juno1ldnaq7e6mukw9w8ka8m054upyqhdtn64n28kau,10
juno1ldqguvqy9ny53v732ecya95unsc8sdxlrceusj,139.9
juno1lfc6af25ewnwhh6m0a6jmsgvzwcsk6m4y9085k,6
juno1lftde20cr2c2s8uhs9kx8nz7h7h90lqp6khqs2,746.122579
juno1lgu66ly24wz0x95hkhuzny754hfm9pkuxf8d8k,74
juno1lgyhz0lvdzkm62ac6yc73s4fppexz9ghgk7fyc,25.53198
juno1lhah2e76t0mk8x2v9djlfzh979nddwmgs8ghgd,651.043546
juno1lkxam5nhsfmkxscy5tjfg560gjj6adwjq3p9y2,50
juno1ll8marpz0k3mar7ch0e0em4wnv3vds79tyugfx,0.060495
juno1lladp5hsace7pn9vee68wpza29hnt7m3f9eue0,34
juno1lm77mf5fhz5lyl6q466fk9847efuy456k59p99,10
juno1lnuqxrtdee5u60cqkewlwg6wn0juewcgfd8gh2,36.477796
juno1lrzj9s49zaeg34tjkn8h3suh6xq7tdn2hfvfha,39.440773
juno1lt7464jsche92fslwm2tdy4gxfpa5l5vzzkh3d,1725.642863
juno1ltkw97h2hxtc5j6qtcgjjkppvha7rpu0k9hdp2,20
juno1lwkpyc07zta670uuz750xet787czp6uc7md5t0,33
juno1lwuuxft38nkl6qkcz075an8md45ekyl3098hjp,26.383252
juno1lxjq7nd9waasquv478lvza9kpt6eyje0nlmjz0,63.719343
juno1lygjlc7pl5memvfqmf3j0vf07pr98ughzljqyd,16.048116
juno1lzwm54k3h5w0mtnmqq8ekvcc89p2xzxf8cy0c6,15
juno1m234dnn4huwga92r44f23xmu03qa90xm2exq4j,30
juno1m2kkvwpqcyltjqy6n7zh0wad3w9uu6rq2l56a9,100.167901
juno1m3hfz7ygkev07v080j78mzd6semqzs830sshh0,17.624495
juno1m3jdldlrpgvlhkx65hv8jujraej5lkwels55xy,35
juno1m4qjakxzf9qlgpjpd0jws4qk2jq9gnttnxacg7,100
juno1m5atd6fm6zh3rtekjrtetve2c5es6f9exq6kaj,15
juno1m5le3euluq0kvcrkzh49w6vzs6l9u3hpy50e8e,20
juno1m78t4rygjmp05sww2x93ectvu66s69t4qtnmp5,8.794418
juno1m7a7nva00p82xr0tssye052r8sxsxvcy2v5qz6,533.863279
juno1m7cmvvq5rhwhkxqmhel97jnpjnxzp3pj0qp6zy,0.5
juno1ma0hs5yfghuvqlaxvkpl5wzvdp0elk57qr0z2n,30.983949
juno1md9k09eq5ercuc8p2v3vtffrarx46qfxwft6x6,0.165691
juno1md9zaw7gpnrfl2swql6hjvgttjuf6cvk4c7fg6,50
juno1mdvnrysdgwvhdrp7srkyyf8hdauvyjlzzkf8sj,4
juno1mfpccfvyvf2qe3x692dpywrpnaajzmry27y878,21.362222
juno1mhu7glzuverja2vu3k3es8adu84yq0lvq32se3,35
juno1mjj0hcsxlu50zn9rkl6gl20cknvlkw823f4m2u,1
juno1mjky7p0lexgc5yz9kdmq58j244rlfm8eg8ksg6,20
juno1mlq668vsxgdwg8x884tt2m9pl7shwlttc3swv5,20
juno1mm8huzhpk5tx5vgj877zse37c2zdymzl462sqh,650
juno1mmfl8uz5ff008rr7v76nts8wunsw0nu29nfrz7,15
juno1mn5c2aj7x065zjwmkxp5czsvny8wu57zesj9sj,39.482174
juno1mn63t0jdmvckav937tpt96348r0r3w8a309zpz,9
juno1mql46ppfxjwqljyynja0ea9m2jz5whmh7d87w5,9883.375999
juno1mr8zwycld5he25rjysjukndzkahnkehvszqlqt,20
juno1mrwtza5yzhvpvz7x7qkt5sq0856utw9k4vh0hy,35.17767
juno1mrxx9rdhp6cq34ypjedr4chtmdjnmy9k2qfjm3,12074.87162
juno1msa7swedlf9g52dcgj3lgetv4jy24tenepfz5c,11.005112
juno1msga35xat6cxa3ajfpurq0slcng0pxwsdfkugz,19.9375
juno1mu8s5qk35sc4e6pqaufh5pvq3yut2yg35g8p0r,165
juno1mv2wsx4p72adl832j8pwr8ch7mu4kvh28rszww,35.250129
juno1mvk8603ksv5spt9epgruemcqdh3qruze8ls8ew,10
juno1mw0yjsltsmwysds3stluzftad2dmx8kh6clxqu,20
juno1mwgqlz8xn8f07rha4s7lc8m5ysj55agjq6wk3f,35.17767
juno1mwgyqmxg03szuxkavgu95lcyzntn7ks4rj9f4j,35.17767
juno1mx4zxmq9l3an7a2mgzs0cvcdernz633nsgs07n,35.17767
juno1mxa8y6sjlvukkt07uv34vjs7hrmw355p8p4xn2,154.881431
juno1mxek2eal4jzjujp9hz625d4q4gklhv70de2qjq,19
juno1mztkd4c2xapd5crngml934fn5ajcd7du6y8dfy,1
juno1n26jpdn0nftc3rqh647d8mtwle5cndqghzwvyl,20.1
juno1n5yr7uxk9eza6m29ew7zvrc0zkd5nvwemax73f,0.143968
juno1n7htchn6skls0v8h7mwlaa68ya30lxrg5whglx,3.517767
juno1n7tykegqr3m6wwudwszl77rcyj8mh2cdj8ucyu,20
juno1n9p5xmqwna44tk84z7fang39lypxzu72rkgdpf,100
juno1n9xl36ue2ch6py3q9gkxmqwsefs4t0rlpnf45h,35
juno1nc7h7argg4sqtsudspp8ey3fwufrk66gs5xm9j,35.17767
juno1nea4mpaululjw7zz0mqyetx4sccrujuuwa72r5,48.00498
juno1neawwhn97nlnpft80gtk7m6feh745rhyrsgfx4,11.664057
juno1nethnlm2j7k0vfreew973fu62s0xn8pujstzc0,34
juno1nevrswxvenflzlqymn54n3nxvc4ug23qmkwgq0,35
juno1ngf5jtdaf0m9utz73rpucv88t0yrztfhqk7szv,35.17767
juno1njrp403a6u3wqd5hmjmprdkgdm6sfvwldmc599,10
juno1njsthsamgkzdqqg4awj7y6rxtuk3q26t5zhsuy,15.190978
juno1njwz8za7zwfw2d7evh8pyp3kteq8y8tvf73322,80.813365
juno1nkfrpv0096e869w6rz3ay2nkxuazr8pzgdaltm,0.087758
juno1nlwycfkzc7q55nv722ckkjh6myysfyhg30pwd9,35.17767
juno1nm7m5u8jh7720778ymkysracd39pyj997zrd93,20
juno1nn8q5zp4jkvgfy3m7c9jktzxa3hdtudvq6zxdd,27.737364
juno1npan6j9c23uj5dcjm3rt2n024hvr50r337yjpw,34.3
juno1nr0ray4qw9dcsqphv60zrsnukyrg5mltl9wnvm,30
juno1ns5ehf9khxg7yhe936hp7450p46hl0t0rl79g5,36.765469
juno1nvjvn27qhfytzue3pnytf6n4s5tt6jlprv5pdl,38.632437
juno1nvs08mxllmpkt45jkm52vt7r3djl4kt4hjqm0u,35.17767
juno1nwuyhjz8uqyz2d5nuz329lztg0j7n5yr3pfdc5,874.00481
juno1nx8s5kvkpdpwy59x7w9pep3j8txmtsv8ksespm,962.412934
juno1nyfn2cnyrwpqjakgkjdet4ekuqh68met286hal,45.281696
juno1nyuec6lck8pq48eaxqk738yaluyszg5wrrunzx,35
juno1nyw5g9yjtcrcsvk4j5tzrk5fh9yjhshltpp8mz,53.280181
juno1nz0szznjs6xp6y96qprcye5me5u09qpcs6zugu,20
juno1nztdgv0545srvxkm2aphcfc0esgvt0zgyguv8y,43.508671
juno1p02gahyrqn68weajhy7gaxyx4gzlvfn6tu5p7t,25
juno1p0thdn96qx07veretqvae7ugnxsgfcx49l43k8,1587.638061
juno1p0v43jd2ep59hj2090a0qxvwn4xc2a64wj0exa,5
juno1p2k2w0enr4vsjchfexr8079y6sjy5u9p5pfffq,35.17767
juno1p3nf9fhf86qnyxuyes3flt0hg97a60lzw3rqzh,20
juno1p3z4l0gcnr7yywxcuk5hccq64srpqajwkn0mq3,35
juno1p43srkxlpaqa6nn3udr43r5a34cuj5vfvtjrrr,535.211085
juno1p5h97aqd5mcnymfpjkrkxagsxjm3ca6hdx9ft9,1
juno1p685wmsx4xu0vpmrgt9j97dma5wshvj549478k,106.036665
juno1p6mtrgvm7c8m59lmptar8xsd5j7slgx5krmyap,3.855712
juno1p76vlex4m84wr8t8687d6t29watej9x7zstmaw,35
juno1p80cpg464u48k7hr3a6myeu4s3ngr3t88qeyre,345.378856
juno1p80y4t4ct57sv70kmdyxalmrkhp6ssdtulj0d8,0.00993
juno1p8ljzm5vdxu65h5vn28du94wt260tzezr444ye,29.601114
juno1p9v54eaxw3mkkvc3j09vu3k5mu7sjdyp02j643,10
juno1pa7enuuvmpqcphkcsvu3vq02sdd652zuc87hkf,6003.691077
juno1pakf8yyx33ywzqtx4fh4anh543f64pjtlyr4up,15.44165
juno1pd0fv9vwdzkvullp44t5n2nhdzv9cd6s6zramz,35.223248
juno1penglcm6kls4qxa6pac8t8ntjagugcezjuqq3y,39.675333
juno1pez2f5ynw9nxm3027a4rqlcxaesr4t7rex6pu6,40.422145
juno1pg0lfu3t045qj76k59kfj24xvdv8d4g9mnx677,820
juno1pgdul9q0afl0dqtuv935vd53fzexnmyam6l7r7,14
juno1ph7gwddzsmcvlv5nn6fn9qpg3q7vewld40j3rd,35.17767
juno1ph9dlm0az639zl7m0ch8x9vxcnnrrjceugqvpq,40.906857
juno1phxf43m48dsah9eth98jz89s7vvjj2vwn6dzzn,37.924405
juno1pjnhyd66w99hrlsvvu75c7m9j7f4gj6vwrkk57,213.824557
juno1pjxk2m276t9anku3skjlpwn6r0zsr8vdq9rsyk,26.383252
juno1pm8jhqcmjhh85u5ja0yqcahk42n5dsgc75ucsj,102
juno1pn2pcl0wyuj2nsnqaw5dd99md9qcgczfyd6nde,20.050571
juno1pn8nw8mu3je4wtjmsxtshu250h930t30ck5d84,150
juno1pnu57wa6jut668mx3axntvwlaf6leddjnn09mh,2.039488
juno1pq0zg9ynezeq2l057j0p4e3qtzkzsxcj7ftxm2,35.17767
juno1prcmpmwggaxt8v8csvcpz9vc6dnnrr5qp3l6av,1.501285
juno1prgcz7cdseh8xtt5xyr2fnx09czwxqe4cds8qv,35
juno1prr2x6gy692cllg2zxtuh5pz70n2a7tj345udp,0.11
juno1ps6f67034fp22nqpvkur5pry039nfjpu65dkwr,49
juno1ptzk77nwae7lf2cmmjt4nr8ch0f4xmw09etcjq,17.588835
juno1puc2nzm2dnjjdfffcm822eqytvxhljwwqd9szy,25
juno1puvsznn7wlrxkf4ulvfeekg2j8nkmmezlv2x66,33
juno1pvjdpz5t23hy7wfv30cj03hhs3rufkpf88hlp0,11.649358
juno1pvxpy62sjtdzs3t3nsaduz3yxjydlsuz074p36,20.392196
juno1pxnmvwh2eg2gkzatdfnxdl37wjzzr4xy5mplxu,26.430436
juno1pyp3lwlg28zntcpwq87spsjm2sdng32qm96960,25
juno1q0fqm6809lcz3lr3f5uvl7tk4cr9due9lj8l5u,28
juno1q0ll2h2mpglw7rlmwduhh4f50xhfmk6ph4yggk,43.424418
juno1q2qyq67arqm4j00xd5rsf3sc5ehnx6mw3ahfjn,16
juno1q2sxlvg5rtt35t088pezut0ny0k48fwd7a5632,15.17767
juno1q3a63z295y2rgnjglhw2hangmj5n0gml4yjeq8,39.17767
juno1q3dpka799kz96mnm56jygcqvqex8zd22fcdxnj,0.116723
juno1q3smvv69w0yphzvm9xyr4htuvemz2uyr3w6l5t,40.608341
juno1q45l9j5c5r0glt73xhu70356fk2802zar3ep8w,35.17767
juno1q50hkqt3lx3d9lpsj523n0qj3epr9hfsvyu9wv,8
juno1q6wutgt57f3cycaex8q0sze53tuc99e0ctx6nh,50
juno1q7ng4eculdwhe8d960kfaelnfpywukn3aegvc7,0.1
juno1q85c764zhzp4ka4t5htrmacvxwvhak25ks8dy4,39.060047
juno1q8v5vutp5x6jej33qfdjqd5xjmls65r90djdlt,200.504537
juno1q9cxkggmm93lfqp9a0uxr03wmt24tfth0pjd4n,35.17767
juno1qac5dyjq960w0h6t997nx0knxyyxezzgkentys,2005.038004
juno1qamfln8u5w8d3vlhp5t9mhmylfkgad4jz6t7cv,200.30751
juno1qaphxxcc6gg0023cnv6n05yrkkns60kellj9p8,327.306023
juno1qcf56hq8x4dwa380tk0hfmmfdswhucercgekdz,24
juno1qctsnew9jprsk2jdngu6ddemgd3h4f49wp9wsf,10.423607
juno1qcuy0cjpm8q2uf5qltyg6pc8cc82sh5uvm4gxd,7.543561
juno1qd5cvs4tel4a5zzgq2qgsmvyfzp7ytpxuqzq2r,25
juno1qd6mt3vyfnkghm5tk5kpdyhg3ke9wfv6g0truy,1
juno1qdlhxacptu7lr848qaa9kwuurwgs8fjuc8zswa,22.502199
juno1qdv9r34uhwr4xm6rgr3r9s08aujfgmwk8qgsnx,1.164919
juno1qf8u8um9jc0drqs27f6hwuxk2zxalgank0d020,20
juno1qfdq4426myfm2wkws0qj094gypnyr2uawszz5l,152.165839
juno1qgssys0tk4rg0xdf4mpjzqdpvscejmtct80t6s,3.981274
juno1qgu4l692mx3m9lg0uxnt8f62zxpzn0tssnpemq,15.17767
juno1qj2787n872jn8t2zhreac27lh0hlpq6znef40x,34.5
juno1qkyf5f0t90j57z0jm9h6nuwr3lvef3l4e8ulgc,15.377707
juno1qm8ttsqm99uucnjqg7h2qzlrl6rxcay785zsmw,20
juno1qm9gkn8xrs87z57z4reevevjy4qztkdtd9607u,30
juno1qn6clt2v2mdr4yufcgdtreq7a8ra0pn6p9vqjm,40
juno1qnqwxazzha6lsx2rs2gewu2337uha5lz24ep49,10
juno1qp39re424d78puvywlafhsddx7zt6r28eusan6,20
juno1qp59nq03fvvwxdyujh60a5kucdezgrwd287ywe,35.17767
juno1qpftcmszlwszaj6p7ad7jzsta6g7yy2wux9ylf,17.588835
juno1qqnlsrpk5uhf6ktdq08g52tjeqmlmrsynlmlm2,11.054976
juno1qr6gggq8953qetshu7l03m85cmdlet8lu0tylh,5
juno1qseu7wmcmk3tdy082z7j0sreh05gklr09hplnm,43.280421
juno1qsxhkvs3yw8tt6vh47x55ds88842eqnm59wua6,100
juno1qt0nlqrfkfq8de2vqecx5s832y3naj8whr6p89,10
juno1qtk9vgdz6t20vzcrsawnvvx7lqgtpz89dmd287,10
juno1qunju5mghglplvj32ka0fvwc5hle8yueysarzj,35
juno1qwmuq7wlspvfextwqaqs836wq48nqm3yuq64as,29.669471
juno1qwr7dfpsjjdlezjmqwklhqndmd0u7rscn37fej,36.401653
juno1qxr5egxvxjgqhpqumsakekpj9yh205y0cg7njy,10.670416
juno1qxzlt45zurtrhju9sua0ec6nrp3qfjyllfn62w,41.77767
juno1qyt55k85cegzr9c6z4j8pkuptaygda9ha7scwd,10
juno1qyur26g7h2m04dwdp2c0clxvuq5cdxaqlumgs9,34
juno1r000nhpy9fvtm3km404tngn8y8qyv4fpkepwmx,0.1
juno1r07qtuh8we2ffr5fs3cqfp6l35z6zg8ltxqvr5,35.17767
juno1r0kqks5sslg0x9ek5q6y0frwws5ey7uqd8gvsf,30.17767
juno1r0paem5p4m4w9tscjhgwl76arlcfdnymz880wl,35.17767
juno1r2cc2ejqcva6g6d4u9mhu3aynkj09tr7tlpqw6,1
juno1r2xgl8stg4k792wr804xepg2jjdxs9sega7hyn,18
juno1r2z2dyyxcjz49u5v4wdk37u32kvz9qkpysu0d0,35.17767
juno1r3pvn9yawgfych2vmd953fenu5p5xu3m8334cf,51
juno1r436fcnzyt87gf8qlv4ksasjvys72fvp5kn680,39.6
juno1r4thrg4c9crc2e2lppx07dhu04x26xden37c0p,21.657477
juno1r6vt4re2d6vu75hx2appcpn2u3anzjqj9sve6w,90.17767
juno1r75p7dreesm5aaclgnprcpnvq5a3gy3048jqcl,40
juno1r7lah5y3qyq453hqfgmxl2y0s5wesh09zan79m,3.361388
juno1r8vkcne6rfyey42gqnlxc65kpnga2nqng79udw,55.544755
juno1rc2v457dfnld7zyezfcpjrg2u5akfpj02fl3pz,18.130341
juno1rcl2jz0hgamg9t3nnz99gcs66l5xqqpqfzp9z6,20.2
juno1remxeunduu0rs2e6f74jshl4u98q0scetcjyjm,7.477512
juno1rf2zgsvpehk3lwh8x4tgdjqul5zyy44sk2624k,26.383252
juno1rgk7xy9stfetvayar0c7vyylrnkfskddywyjxe,24
juno1rhuxqf2u6657k05p9gl4ls5cm6a0epp867rljc,1
juno1rl2d7s86vgh9qqu7vnffq9grysdnzuhcztkmed,2.5
juno1rl5wqndznuq2w7gzn823lyh62hjcw7mfpgc2p2,40
juno1rm0pvl376h7j73q9kzs4qk6rxvandr0v3rm7zd,1000
juno1rmc27yq7cqfj8fea9u7gm2lp0cavcnwyr3ua0l,35.17767
juno1rn9nysayc4n9gdknuw0hf53zw5z0n484zkw5uu,35.177
juno1rnryv26aq043e4a7mg62mv6ndkpea2f9tn7p84,10
juno1rnuux7es7vqszg8p8st3yuax5du0w3xn9ag9en,12.517767
juno1rpxwl8utqxrvyw4zccldwhg2s8cmc3qu5vl3nt,5
juno1rrjrg75w7k0r3qv90qp0phemt9plajn5y4jvre,10
juno1rs8n7csdft9nn5asne6pdkzrjlmvw4a0mnx6gk,43.891342
juno1rv62alwx580v7rdasxvz3xkepzy6wnfaq34wnc,4.087093
juno1rwytctrqqaq08mdd4c7v57sqah44guxvdglxjk,58.841715
juno1rxa2rxw5yfauctf3wtqy6ymqxg5srrfmgyqau2,39.57767
juno1rxaemwx0mmltzcp5973yp6fxw987xlyfwzun47,10
juno1rxakrn8x4gwc6wcrpttpz8htjfu43nsw3s9uaj,126.29817
juno1ryeg8wp5lvg7amxud7ptuer9vyax02ylrplpyl,30.404342
juno1ryu2zpqjyf6zd6cxhlcszrg4ykt5lk2aktksu5,55
juno1s2g5pe23expcs7n520w50ukprjtrefj8v8j4tz,5
juno1s2jtnnw88087gxf2pjmu2d8hv82xdke2qr8y2d,15
juno1s3sgg876ftpv3vqpjagfumd989erwmlh7nz9l9,30
juno1s3xq4zq7w3tl2knr9c2demg3v00zwnzexecvku,35
juno1s46jmv3c05usk6yk50tyy8axc4t9rglrwrzzx3,1072.121088
juno1s4u6wh0jw4a5nesm593atlvljgvddmcz7g96gm,18.831554
juno1s4uaxhummgqngau80z6she8558t4h02ju7lp9f,35.17767
juno1s56ggtmzf6776mu5wua09um3hua7ydd80a5ssp,20
juno1s5h7xr5fma73nfh5jxvclght9ennep5amsmz25,35
juno1s5pu6g0k8ckjnpt46ezljt0rkr9snt377lhrxs,34
juno1s76tfz4ru3wu3rkeatr3uf6acqsfstlc4yclfg,43.737963
juno1s7k5uw4gz949nwe06kjfsg6a2ly2fj42fff3ph,11.388726
juno1s80hjzkg60k2djc23vsn37ffa00alvfuv2k2s5,35.17767
juno1s89e66pxcj2vgxvn0quzcm4npws9esk8ct52p2,11.989412
juno1s8dytgfmq5lz9dt0829sxjk36jf6nnec7unxz5,98.600393
juno1s9j0ntv7pmylveg7wvwrwp6qhrck9a8n4w87la,34
juno1sc9h4dlftwqv82utj52xfgrv0xevuwngtlg9v7,62.7
juno1sdfp6cvsedtv2q933m9pq5ffj2zcmwwutw4xc9,6.890328
juno1secx8cx8uu9fx6rznstjn5qcvjxd8udk3kjzph,36
juno1sedvlezv9rcmydek7l7cm2ryej7r8e5n8v535a,0.5
juno1seq244de4ex72pezm3wzaejee2ywzvz9dz0aes,45.25
juno1seys98w8q86f9yzfllagvqw7sy3fek0yuexyxp,36.414841
juno1sf7yjzzk50lhpe80qqs844ysu84vcndywx08ud,0.187395
juno1sfc34ujkys84eeqmegm7lle955y3edytkxan2u,21
juno1sghqztvgjv3ug6ltpvvwwyhpt35u7hu8x9skc9,61
juno1shdfqknq09eh4ktkzg4jttz8pr9ljqa39r0ac8,35.17767
juno1she3mpp43kq8jy9e938etvpr9tkndvhvvfra9v,4501.318261
juno1shmr9yp096wp0ts23s8fh3tnl4p48v58mxl9n7,34.066548
juno1sje9gew4cuyj8c7xdswmypv3dyad475fqd4pfv,8.08
juno1sjs62xsz2qem8tr7nfypry2d82qq2hnzp4wynr,5
juno1skspesqs9hkaq45u4rv6vlcszm9wa6ja4epmlw,35.17767
juno1sky2zq8un7a6ugupd3te5l2899fvxeu0kv3aja,7.763425
juno1slhv6gxg5h48gghf2jwjm64w8t7edynplf3pag,33
juno1slvhtsyq3rsuypvzp6mne8qp36re9z3mn0uk7v,17.588835
juno1sm9qsxd6sw09tqcy9vjs47vqlgkelwnkards8z,1.212557
juno1sml0zq0vgx4alvsy8zlaajl9nhlp7g0jzhxht8,25
juno1sn0fu8t3whzetxs7e8le93mkanwj50e8pcqj3w,35.17767
juno1sntx5sf6w933f8pytpr2dh9sxns0u23mu9vt2t,2.17686
juno1sr0lw3rnl4u3zz7hxrek0pp26hjhapec48wlrw,6.087619
juno1sr0tyj5pys964252ha572he3uam0alfccscpc4,3.517767
juno1srj8wrtyepfw5486p90yy34h7rtkgugh8rscca,10.671865
juno1ssfrydv7qs6qfnx28q7kmkuvuyea724l3qg2xl,3724.105481
juno1ssmeg0jhyr57kwjlt508lgz8jeqsfx857q7n40,3.517767
juno1st3g47cashnmdxwf687vh935h4s3hs8etr086x,10
juno1st9y369mkl6ymwftzyms60s9j8l924340cc7zh,5.873442
juno1svfpddvanq0p4ejp0v9myxt5zrfy6mdyyuevf7,2796.35943
juno1svfz6j2ztcpy787lrh6t64m8aegrgfznscptvx,7.065827
juno1sw5ve7yejnyfd8h64peje4v0adj3fdpxrq8vwf,10.163854
juno1swhkyme264u7r5k7vuy78femtes55dkp78yf0l,93.34639
juno1sxzu0vz0j5hs86sycdgljepgg88u3y7rfuuxhx,5
juno1syk5nlrn2n32tl43v965gvva28y9hs7znhe3jv,1.5
juno1sytnv5zy9e2c6yzh93633ddcz6jp2ff9nfkcrq,26
juno1t0nhs5hflr067hcxsxz2j5mkdj6td7hjejltaf,35.17767
juno1t0y308fzew4zeqwu6fhz607j5k0z0m5sy88ttl,10
juno1t2t8uc9cktykl9hq39ue40pjhjx99qc4wccn8h,35
juno1t3r07cp8yqrj69ddcxz0rct94kq56nz93as34d,0.67995
juno1t3yetu7t0g8ufr7ep0s28l0vdg5uur22zl72xd,35.17767
juno1t47fyg46afchqykm8stktfhayunp0axrz8t4s5,35.17767
juno1t56kw7g5uucs3kyjl2l74x43gpn685s7wy4zqz,30
juno1t5lx9y368e0fsf8yr84hqwdy3rqtut3p569v3x,12.968418
juno1t5r7z6ngykst3hutqjjzmnulvk34t87azwqnav,34.17767
juno1t5zgnfz0jrvflywjmgs95rey3un57n4204dfnm,50.002688
juno1t64gg750gu3sydc66e9qd80twc4wh55ymech4z,20
juno1t64u2enf3t7jrq2sw49n2aqngxhpa4qjs83fcu,34
juno1t7qcmwj0f8dm3fv67j3f6t39pa2hcly8c7t0qx,1174.005208
juno1t8sqv6ajetuyukr5v9pl8u6xpslzptadry3w6q,24.997475
juno1t8xha08ja42m2twg0yn6ct2qjzut7fud9qq27l,27.794213
juno1t8xpm4ny4zksandl2ss69lj80m66jt7mk49jq5,40.711008
juno1t96ds9s985cpwtyayykgez6qnrwec9cxa5taaq,89.52598
juno1t9e2s4cftjkqx282egju63fqw8f952kdd2se7q,29
juno1ta749htc8gwtm05mkcqkaz5cpgx7pzeppwd59e,20
juno1taj6jywydgdvt4xweka4jy0qxafeh7fgyrykg5,0.200001
juno1tat3vwnlr7sp63f4n0d9g8sf69gpkuy05f8lx8,20.081828
juno1tc2hll3wfhu247scwnvu6ppgrwgc6sjz3thvf0,5.88336
juno1teahrr0afjxx4lqsxqv75z5fhrrpwxnt8dgw5r,35.17767
juno1tew2mp3racvkcye5qj5vyyqf22sgr6zeh8gkwa,35.17767
juno1tfdqm5d3paekqslvexsk3nw506l95ylcln3j57,15
juno1tj3j9dfqvfljtytzvrcs9fdddjy8lkmz2m20py,17.588835
juno1tj3jhe269ltdu3mnmuyd37r3yakct9s52vwrdz,0.00192
juno1tmam8wjm3g8vqws2s9kte4jprcy7pjkh2k9e9j,35.17767
juno1tmvhxvmcu3krv9rsegl9q8rfehu7reemmhatve,30
juno1tngl57943azs5pkyawfydc4fhptzxkc8vg9emm,3.420887
juno1tnwt696l9jspwlehcafkcdpxzvcpzcw7j934fy,41.411911
juno1tnyzm0wjj3rksnez650gzyxjmrvjn682cf6mt2,35.883946
juno1tp943hfps02racuvttwgsmsjhuv87s30ptespu,35.17767
juno1tpmrwgmzsxmppjkxfqx3za9sqh7weffxwy9hru,1360.048205
juno1tq83rn2wez3mp5n9mkf9gz4yedns7ydaptmc69,109
juno1tqgucd38fzneuw79ng7l9lf6cu2uz8j9h9sesd,417.037558
juno1tqunyvagdl4arxazcuxtkuv99fw9p8jk7ssg3k,56.633749
juno1tqvqdqhmr7sx6087yhfvfkrq3e8c907eeuv5um,35
juno1tr6najckswy2krca8ju7tqyamelcrmqzjfs6gl,35
juno1tshwngxafaaetznslcppa8exqc0zhfr4j0t0ej,22.832294
juno1tt9he03ekdx84uum5dyfyjxsuxcx8h04l2r0ss,35.17767
juno1tulnw68jdjjlp2sw3ncj6wj930md4cpz9yepuj,84.387762
juno1tvcd8welups8wwgj9jxqpt9027eyzatlrn278p,2
juno1tvdl4e9lka08ngpwhywt3x2zlm3m68t3tg5upv,544.423829
juno1tvsv0s42c075rftkfem8m5j6q0n7mj6fwr6hxt,66.514554
juno1tzk22rvpcplurat85v6yzsluzm6ajl0nqgp0cy,0.33
juno1u0fmz8c66jtc5524la928cp8nsr5nngrapfuqn,2
juno1u0uuzpnqtqdcwa5sul4789fx080whe9m394nt5,35
juno1u2lqd9e04000ap0t2cutwg0j6mzk2m8u6sc57k,10.007546
juno1u3mxk2qz07uen5yxe6n87p2qch7tsc5nu04rda,13.355387
juno1u4qsps5jjr7ntqshwxjejzhzve25rpsu5vc9c0,17.588835
juno1u630th5uf9clxm98h84x5eg5nhj5mppeum6nm7,10
juno1uaux0dl3gh40y9czng2eqn2d52uu8afvx3cpsn,255
juno1ucd7m8ke8czy7swzg0qm973l6j8c7ygpk3c6ts,15
juno1ucj4xmmq3ykgkw2halpf24h5n2awsu2tp3wuez,0.326451
juno1udqq9zfdxw4a6uvcams8clcnueker60r9q4ml4,25
juno1uenvtjwczl2hy68l2kfu636quy9ds520nj677n,10
juno1uf9zgjd98945lppdjragmevkqwe6fgdy3flw72,10
juno1ufvcwvzcfzm3ft4u54kweuy8y9zz3llr2nfh4n,5.884105
juno1ugtuknc5awdwxy24ad90vdnkyqp3ecusjmqxhj,35.17767
juno1uh7qk3mxa0hd4f3rr55rq6jty8szf3heafng9c,16.5
juno1uk83sqkwqayx89pzyzqztvdeaht39drlv6nk3a,13.588835
juno1um066t8h4g6cc3rvwywnup6w0sf4rnf28f4mex,1.128718
juno1umlskcc2frc8h69sms0pwjqra7hk8uvkv7y9gs,35.17767
juno1unk6zcyjqcwwppq8qppevttf85upe78al03f6w,26.04792
juno1unuwkeh5kuc0wxjanepyxxfrack085rlrjz3d5,22
juno1up4sq6gptclw8mkgrvc5p44nlaj8lrepszme7e,5.689471
juno1upnrp6vqpf995584yyy9zl3zkrj6744gdreurz,35.17767
juno1upshu9n7q7wlee0gtud45lv04kgqavlzv4sgmx,3.550211
juno1uq3glwdf26z7qu72j2gfuvn8sk23tvqxmkdpra,35.17767
juno1uqdvvgpvd76ysvjcmwm7lrvyxqvjgdrcw7a0up,15
juno1ur8u2dd9axcenhulg342pam7dm44w2kqhr9p30,35
juno1urkrxd27zmqlfc5knkqa0879xr0su5cetjn2wj,35.17767
juno1urmr32hvply88lcx8t7r7c4ew00vj27t7ws3xl,72.117767
juno1urp858n70jdrz84zsj9qsyjq4nrpa2d9hmgrnc,20
juno1us3caj7qcadk7xrr9la0tvygk2mvkd84ka0xuv,34.17767
juno1us8zmnqkravc378evmdxxjt7kksauv5ec7zf8a,1.328917
juno1ut8s48pfm5nnmjt3dsnssmrqwktdkkdanngjdj,7
juno1uwq6nmgwgkfu20vm9h8dr00886yne38nljpw6s,35.538286
juno1uy3efc0t599rsemaars94ve0x6m80fgc0l7q3k,32
juno1uym0w3vderxe57jydrjte4nrm2dzwkar9crlel,33.883252
juno1uzlkcqs7ymrfwhzgg3xnjnekr7x39vew697s0r,25.971746
juno1uzm43r660u6mev4kuqykkrqzyfltr2zdhmvguv,18
juno1v05aas8hndgs8r86ekj6hwfz6xesxeumasqlgk,33
juno1v3fgacyt5f8lmguvrvtyjqqnpjmw2ncj0adk4q,54.763564
juno1v3nhv9wf8yapw0h3h3lryv5t5v7876tx7qs45x,277.31096
juno1v40qwum0avxwuhrygmgchway8596cs52fduekn,3.2
juno1v4kyqf2mv3cc5yprv2n5ch4287lfsxjmunuuyz,69.884499
juno1v4suqtu4e9546trc44xserummpn2pvq42w8jc5,11.76608
juno1v5ft27rre0m3th7etfvm5c8vhw462vh6uystkh,250.678544
juno1v6008sy3vlpy43nez0d654ssj0taerxpqdal38,25
juno1v6twd30t9jawajkucsj9ffnaaj48xx7e99g80q,5
juno1v75uyaydhk058ztumfslhstwth494kxl8qq0tv,35.17767
juno1v77gh6mf00g4802s0t203njuflnvakccedvwat,36.76
juno1v97agk4gkyytpphhymqxhh3aqvvra3vvmll9st,6399
juno1v9aps08x8p0v59amjy43ekjt63jn96pteykav2,10.220606
juno1vcmwvc6nd0w2dpvewrkqxa2yhyy3zsl0e03ll7,60
juno1vf7la07q3n8cdc236mp3g0shatdqxdp87qy3yh,0.153218
juno1vfyjcw5xhggwtappgvppkn7gruhvpzdsdfela9,47.005
juno1vgmhmmsnlsw6r8cdug6a26d4p7r8kvhq2aprmv,54.996351
juno1vm47td49lslp76yzhyel3wsvzvp5yea4jkk9ye,26.383252
juno1vmk6374zsty6d49tm27r6y8ug8hjng6rdqhcwn,10.123579
juno1vn97l4slukxanq4hqtj897hf43yknsm9x20dw8,28
juno1vq0wnp0gzgw6zuqcntpjn7yw24gq7e4djxwd6k,35.17767
juno1vqd6hxuqurm7phg586vw6rv28rga4edl0guguj,1000
juno1vqu74jd2e0vknkxpr0433rqul9ak8grvklju7d,35.17767
juno1vrg6g8jncpyjn03f6gqnks27adjd2c2x5c66u3,33
juno1vrml8rkxcstrneqv208wmd9f3yd5uwkwxw9ken,2.834589
juno1vt049pwn9nlcszj5ttq7ape3nw48tw9v2x6f03,127.043756
juno1vv2nm8tvpyx88r07hx5x4zyctpkztp6yx9uwzu,13000
juno1vvsszey7yz8fhwzzvpgn3tahqu7t4s5lc57yp5,57.124601
juno1vwy7458a8xs8ld9fusxzmjk83n0aa56t3mft6j,5
juno1vxurf7gcsrn6unggcez7agvdnjyvpxq78wnsh7,498.181951
juno1vyxl6ha5ad6gpvyp599pzd2mf49ns04zgjan8d,57.099473
juno1w22h43j9fyax6jqgt53xmnsla06pajk6yudh44,35.17767
juno1w2nvn8j7xkdy8pngcl9zmw28920xmxtzjysp84,26.383252
juno1w3tnh7x358mn876d0j0pds6ggjgqy5mkt44tjx,20
juno1w4fp9kreauacx7d2k74mhsmx63q9m5w3xz58l7,10.100747
juno1w4tv7u3kzusl0ze5e5zacn6xnadrgf2mhuvz5c,35.17767
juno1w5svr8h6lc5xckaz9vwcuqhwuvu5gxh5z3vl7k,4.068465
juno1w5utzyjtn6a66g4d57gzrueqtn7lt63pkxa27d,35.17767
juno1w83cunyupjmpdxyua7v0p2gsjnjz93u2r8cttx,20
juno1w9fe863z9kaqmessfujrpusn794np65e2su7zn,3694.685779
juno1wawptlja40etdlynuff98v83vhn725pstqsjte,30.943786
juno1wczdgzkqgy0czxhnhnt5c4plftaarejfp95g9k,1.239209
juno1wdmgqu79rlmxvxhj2pt46p4ufv9jrck8ck7cfk,10.70082
juno1whejvdne3cj6p5pnap8cnvgnlxdyd4dxcwpx0w,50
juno1wkxtd9xk5ylf63hlk5wr0fkquwwwaua09ge04h,539.73145
juno1wl2gge9prhk50latywfwqmcnu5u0qsjhhlu4m4,23.897271
juno1wmaujm3u92ruf8a45nee2agk0qyd2mghmxl6lk,26.383252
juno1wmaz57l596mlztaq7tl3hlk3tf093ttrpkuv4l,36.057112
juno1wpewkkwa80yn49syn848kcsdg8rgewmqry5yqz,0.12
juno1wpfj6kq7gakfaxz2yqxy8a35qpcayjksqyrtv8,35.17767
juno1wraa5hm4fc9xc8tf7xujjrw6r0sw9ta52wlffa,50.776922
juno1wsgte9eamcchp9p77w7ryzyxys7aswv2l29ryn,51.926936
juno1wsp2p6ugq32qjzp7r6sylejpd5vsmwfmd4ghsf,7.075244
juno1wu47atmyzlun52vs2c6w8sgn34a85kxzf6qch2,10.688286
juno1wv8s3cflrukukpe8wt0t246ewamshqlnpw2pfa,190.270899
juno1wwnjxxsg9auwqw4d8gydemmw6ln05gquzq6039,1.166233
juno1wxn03p2f6xs432uwfa2namwu4r2hdg99de92tw,37.61676
juno1wxpkaxsvke6r2m2qptvf75vh2nepg8gclaj6gt,35.17767
juno1wz69rcq9qdnksdryma0caxsktt272hlgk2uz5l,38
juno1x0zdfhz2hj9kt74cfp05n3gnn3v74t8tvnf3m7,35.616648
juno1x2g7pkw3ey6pc0rhjy0fp0ncvkp4y29z4g3mgp,30.023481
juno1x30p6j2gjputppsy43gnac86kn9czn9d3hz26l,0.349633
juno1x3juf0jqnt4542gtt9wyk4862u8qtupd27lhc3,118
juno1x46ff45ctkak6rjqka9uqvwqt4vhdr45agg4cl,280.276679
juno1x4nsrhgak74fne0gv66alfje64cqgfs8pe37nt,7.544417
juno1x5c8fduzk75wju9744htk6nw67rphwklz84nd9,35.361976
juno1x65sparht3zj2n4rlf84fsw2de0t9gkxngeua6,20
juno1x7v8k46aqq2u53azhv3cnvtller6ljrjyr2zke,35.17767
juno1x86pmy2m6znfn005zcz2ahq3kdv4hs5jnyjrkr,79.591349
juno1x985cxzzhwfm5qxvff5ps7jsp53awq7w55ylh8,25
juno1x9twqvgwkkfv2vphrw8laqans78n3763cmjx3a,35.17767
juno1xaht95an7z6yz6u7qajhg4jeyt2tcrvsjzpq9t,0.3
juno1xak52rydav4k8ajtahllvn0qvg5l5u9xj4pdpa,10
juno1xdltmkv4xdtefv9s4vf6m6qjp7u7thymks2t3l,126.652912
juno1xdu8wqnsv458vr8z77g99rv46djdn9adfqc5jy,35.780461
juno1xf4n5alscmyuhuyv5elnpns38lf64u8yxsh7f4,330
juno1xgp5cuqjyrdtrysfsqzu0ektndha72putsnex8,13.436339
juno1xj6nu35emjgkf5mwsellvye02zmr7rnhnyuem5,15.17767
juno1xjvhpmflhue38mc8j75gqj2h0fds9gux7srvnu,302.649708
juno1xjx6k9eswrjsgpesujjr5u9fgekyfwpstjrh4x,10
juno1xky0r8hlj65euvktwle3mqpcrk8vgz6emq8q4v,35
juno1xkyljmxdftqmf2xzksyjj204s85dumm77maat2,41.06778
juno1xl9d5v39g0tg4wszj63u9wjrtxp3zu9c85nz9l,20
juno1xm26944klp4ynssyn3dt5rztkd9lxfv0jnqnnq,31.722201
juno1xmt64jgy6r8zzl7lsshjfkgwddzcw8g284rww0,35.17767
juno1xp6j5kxgv5zl3qw5cw72s48cq3rdh6xpn9req3,35.17767
juno1xpl2exslqmcp90w6jxrhu390fufjj6pstgclun,39
juno1xr5quyct3m8sr0kph4vcqwx4cyvulfk33qxdc5,39.929322
juno1xrhfhmwqz6ntwxckpej9me5fzly76p5nr0gdpn,1109.220598
juno1xs6qp5ajszhvvay7urxwk2rw8r9h4wrvy8z2h6,35.17767
juno1xshcw4wjm3kkekgevg8yfewvk6dhnzsk795yrz,20
juno1xsqfn7h84rzgxekrsjmx7ktt5a3ylvw6ch8avd,39.873185
juno1xte2uan9vj0v2va8h42hc82t7ukm3z27pn22h3,35.17767
juno1xtjnzwmf6gadsmw555tyl8dz05pcp9frzugalv,0.291901
juno1xunjk63jlk93e42flk555va8ehtkrgl3ysltgc,20
juno1xuwl7x8htyl26t7pe3l0x6auj3j9jwd25ywx2e,10000.1
juno1xwrlctth72sw8efvrdthzaa5g5wntym7thgcmk,947
juno1xwseskrmnxrvesmad0xtyfvl3lx7xzkkans63u,5.983941
juno1xwszhh663ymaup824ufcr0d33v6jqznzhvn6x2,17.588835
juno1xxfvvf6gukus6paasyjfhgmzmmdc25q6ww6hez,19.9
juno1xxhf4k2h986vufqd22z83fw39xkl0ck4lcthvy,35.07767
juno1xxxfwxuge2zg4newym8nua9uw76jzh4k6gl6yc,15
juno1xz4jjhxu5yq8q3zewx82qhzz2hyh8a2fvr3rlv,58.048278
juno1xze0l22e234jwcwrnnavdhhlwre9df0m59u4qp,16.749456
juno1xzy68ynhgk5xsv4pu0tf2qlg9tupnup62ufakc,1.78
juno1y298vp5d8qz2t67vxg5wq4zwsvq72vvcpcydrd,35.15767
juno1y3w4amuaruz06x5krtwv99lejke95hr0hfgshv,26.170832
juno1y4mxd9rankzysaugn52ac7afljr22myecfms85,0.1999
juno1y4q8xfrr9ujskj84thq642h5xly8jy6u7kwvzs,35
juno1y4sn4wl8nwdh7ntp52xct4phhyzwez8xe4m6q3,35
juno1y5c7xmxkvutn7nx5esszkwnc693yc4pcj79aar,10
juno1y5v2lenpfdagencjylmcx0fyyjtgeppgrfej7f,0.391094
juno1y73v68s8hgeucscf88282eqavek0jgalxaymfa,35.17767
juno1y7zfelflwnm9aaldd9xp5x4p8azn8vddssd930,0.094382
juno1ydl4d5e0fxjfr9dtquwn5zay02p7hmzmeys7xv,20
juno1ydrskl8w27n3dyxzgl233uazpgxarerd0fgj5k,34
juno1yera5r8ancdhedeyqcumjwgpxe53au95t6un8l,165
juno1yeyafzl0nczpdwx2q2wkwkez7za7uwt2l0pmm6,20
juno1yfgvyv3jxact4l6vkdfs0kdtsfvkd0ch9dej8j,28.714761
juno1ygadp7chakalsju5thj4aw26ehwkuz3tgqhp4v,4.240666
juno1yglfznjlrdwq3n2wtsf0m2ekrjmvg0hyfy59z3,26.383252
juno1yglvxpkpqvtvu35zf6j3un5vwu3xfccsr8at6j,414.696905
juno1ygqssma02fnh24net3r99vgt0clrwlqg5z0d89,36
juno1yj7yz072ywxr8vsc0225wet40k0n4tuags2ewe,89.227012
juno1yjd0ktlsrsx69my89vykcrl90kz7ks0wqqudep,17.588835
juno1yjgzzznkukwlggf5ye04raaxerwg4awn29x0hv,35
juno1yk8a5lptux2zwnjaw744m3vc4kvpp0x6dlm2nk,38.078558
juno1ykqfsmrw0uk4fcnycpp60a0cdg0xlsmced6c8x,1
juno1yllsmhc44p2m0dev5wz45wlcryxned50cr8l90,17.588835
juno1ym0dmpfg6pmgqqf69uq958gaxkpe3ch9crz45r,15.000933
juno1ymzks3udfcn5rg8n5wf9n47yw8jrz80fh2g5wa,55.74304
juno1ynv040cnmetr4x43pmczx26cww62kpjq6tv7dl,36.17767
juno1ys8d9wllcfwmyp9nnngesky5cfex8jutykadra,39
juno1ysy0fu9sj7ap2fnqwz59zhpf2ynpxrk83rlar9,41.014181
juno1yu3u7xguyn79xp4h08wc9za6k5zes3dzwj0jts,200
juno1yv9tn4m3a390ugqc7gmkus697w0qw4qclf6ehg,35.17767
juno1yveqdzgg5u8jhy7whsxezkptsu380z8wzc9pf0,20
juno1yvpke2wu5ce7y9tahmns48mvl849y7jq8yfn8g,50
juno1yvsdumzty3k4tasp9krzr454lgtkwgze240y4j,20
juno1yvsp4fvj6wwh9wwdqrj4l86nf2sz4czgm5kfwg,830.059058
juno1yw0w26sg5v57uvmtprf7mz2f7xp203fkcrmcwf,0.254828
juno1ywpx9vfnhycsdqfhygvvwevkxpg2swpawj5cqy,73.801834
juno1yxw7a7f5qxnhchzyfu0gx2j5nrhhachmpnsgxs,44.109719
juno1yyuvq55t8yehzhe9d2xvnzanrkf5e8px4dmgft,37.654828
juno1yzcdun4fpk45wnmxww65dl50mdkyjkdegr353j,1
juno1z05gcfyvn68axc04jzlq5cv2ugcj2snft72qjk,1
juno1z25uywjrzeuvw0rmnhxney4fdcql8d4wk5gdv6,50.662105
juno1z2vanaqlsz5h6u8xqd2rmjtpk39lryvqpxkh3j,0.002012
juno1z36h3xz2p45ac7cjqnqaghdpsaqwq4dy02j5g7,35.17767
juno1z4ks5f55uhhycekpdu4jcc9y4dl0m4hkyv3nqf,15
juno1z5ujym7z2vfamctaz2pzyu9229g8qetfv8v9v0,32.696654
juno1z5x07m62laz6thm8quanqgvg42gz99s8nldmvr,0.051321
juno1z5zq67l0gyje8stunfq5jczvns4y0zx82fq7qe,7.688842
juno1z63r2yzl5gztm03zewl3l3mrlh65gcjsrlffua,5.814358
juno1z788nmsmq0mmsn29jzycc5l7eu9uy7jn06dk7g,5.969721
juno1z7dprcvhachggkwgk2atu23sntg4q2jh8xqq5t,35
juno1z7wvg2hxej4ak9zlagyhlu36ghdu7pf8fmhfe2,20
juno1z9mw40usgs6c68hk3rgfxpfp9gjy5en7clay58,20
juno1z9qutxjh8df8yk3pj4zug4sequula5f3jdz9nh,40.309581
juno1zckfajw7hhtzr88u8duk9l9y8hlsxh3peywcvr,25.350276
juno1zcpvmgfsmna9ha3qcjcmm90axlh2dlj55yswsn,20
juno1zdhc5g9n9y4s0fzx98pxk6vrgw9tg2v43ap73e,5
juno1zdmza53yxzymv6phmshuzzaez9x4phvhwrsef6,0.298249
juno1ze0h7kf8044ekqkcmwcxnhrjcevwk0tzku7s4u,20
juno1ze2ye5u5k3qdlexvt2e0nn0508p04094ya0qpm,0.366233
juno1ze78fcn0nzh3043fa8s2j32ajlpna2f8hqkwyv,10.005961
juno1zejq2c7mmjnhcszz66f492npfsw989mfcx6hrh,36.104701
juno1zfh6ccddln9e4fkwse7fcquvecpnnxyk334jwz,1000
juno1zfj8jgdyuqxhv7jz6dfccufsyhhs2wwmsx4vvw,29.692546
juno1zgaj2w950llsludydz5xmcp609uk02ys8c77m6,6.459693
juno1zgt5zfhfjxdecdxtnhwyuey8usds8me3wyz5w4,15
juno1zgzshwyd5ca8z2pemns3287pqwh0sajhaeyqru,46.906959
juno1zh78mfn5y2ep9rcktcm77mm93c20v39fgrygac,50
juno1zhussks2p29uq0mg9uzmq3886nmp8x32rc65r9,21.121822
juno1zja9xayj0jqyasva3t2tmsaf2y0shywm5vnsmy,1.012006
juno1zjtvs7na8mck7l2cyhdt8cnz2jzusxtd63lu66,76.872586
juno1zk9ntaq73m35gh9yzu9feg6pkj9emxy5s5gtr2,15
juno1zl25l8zutffypzacpn4k7ney5krh7828hmf27u,35.07719
juno1zm79pz6s5tvf4dsxv2vg45hnee8hynsv77tyjx,19
juno1zm8epp3rul4lsu47szwmjcuxxa5xekgf4x680m,59.017688
juno1zmhtg3wln6asrrddq43hjsgs7uh8q3laq73xk0,10
juno1zmnfvyn8ee6tua3vetk56frswzwyv3f3jlvaqr,36.936179
juno1zn23yqpur5lyduk4cdg5zney43mjzascscf0ld,34
juno1znhk9mz6jlrsec7kzvzzaeytq9pa7ekqknfw3z,35.17767
juno1znmc3jd0lmp569x2rsgrjkcm5u6xd2aa77x09r,35.17767
juno1zpewufa0kyrfh37menttyraft3j3vzfypay940,122.557832
juno1zptg33u2gql3e6tcnpwnxkt4n32cur8p27ml92,35.17767
juno1zpwad83p53gg3nh08657udqgfadpxavxz0cu7d,2000
juno1zs04tjvc9alk9yqq3h27zczs75vp0n665v37ys,0.792027
juno1zs79e7ascer4j3he5dzvzxey3hkaa5p2r7gkgh,31
juno1zv7wa64wjj7cta7alwfd6gnvwj82u2k9necw6z,10.67153
juno1zvgyalpnjs0838tzmnk4panj200yjy6a3x045y,35
juno1zvjt8xpc9q3rycppu06quqwuy6280fh47rcvlw,20
juno1zxzmm6f3qdf7esgmx7f545gw8k227wanrl94dy,58
juno1zyasmhr45fvpkfpy22tla6rfgdwepdd9zqz9s3,10.094481
juno1zzqxw6fygdhdzh9zh7cuvwqc4qjhm0zafv5k57,11.533283
juno1zzuttewnk3keg6m3xf2n3wxd2h7wkvj7mf4zas,30
juno1zzvkp09dv595ewapykdfty64epqtg5e5pcurrs,10.001695