Address,NFT Count
juno1r2dzhqal8u39ut64twvvql0hhwcvnla77wme58,3770
juno1uwenqayqm823g33nxnzguhtytq8erc48yw2hwz,1
juno1l0r6vucw0yfsdqw2pv6hzwky2hzhwrddmfl2ye,20
juno1dr3rfcl07tuyz8zq75slz86sdwrnfjmx3u3ycn,6
juno13kkj0w7t5ae3nlh79wml350un4vv55dfxyaat0,13
juno10atyyxcjgfxp0p5tpktuhxxlg0hk4mju0zy4tn,3
juno1qjshq70dfxfjpr7uwj3y73fe699c5smy99j6la,8
juno1zn5vg3h3qrh3yjg009cxpsmmlz8q8vsx4ydqc5,8
juno1vvqnn4fwt2prnw7wrd7q8rsmh85wq8s7lla4tl,1
juno1nhzfpguplcmtdxv67pjt2ptjj2qz53z2ncjp9a,6
juno10m6c487x7yt87uyrn94tpkeng3ulqpvd4f6kn2,26
juno1hje9p7cuennyzcfj7uu8rcft9wfhpkyz2xyjnt,1
juno1j6yw6aldlctpaz2na3awsnexle3a8k6z9g3cec,4
juno15kzerjgs7vf9k507c03r47yr8kmjcmesyvsdsy,38
juno1kdlee79ymep5pp6dlg30c7y9z76kyavglvyjza,1
juno1z35x9dzrsgc0fzg2j3dp35jtjr0ytd447ypq2y,21
juno10a29hu7chl55ar4wsyjueqxc7smudpvrs3rjam,2
juno1cnmcep69lqvmxjqlncc7lkg2we6g0qtp3jqqs8,1
juno1dle77rsmmk4fqqc2267n4szeulqmxy4gx9swuk,2
juno1yfy82r2tkxqy58jsfuezffx2e5wwstksn0djdp,2
juno1evjghzuuf82w465pz47yl3sy6v8xs6x5fkpmma,9
juno1v70kygk2fjxej9hna633k23e59vq6larhu4dl3,20
juno1jtyycwvdr09m955lawcmn8dypxuccp95fhleks,16
juno1zjjqxfqm33tz27phd0z4jyg53fv0yq7mntpjn5,2
juno18awuj7uqk40dydl8c0cdlfhea3a7a4p64t4fzr,1
juno1uqaaqkc4jxhxf7qm357qce2xdaljkh07x5xph7,2
juno1feg3kdcsdgkzsg7l3usgh6t7vltgk26fjuzchz,4
juno1uz07k6e0txmv3agfczp4yqm7zsl32fkw4qahxz,2
juno1wa5gfddhsypr6uyr4vs57tdnzljzvvjg444gfl,4
juno1gs99z7kxfmaelzvkll4h38dvqdm0u09whee6tc,1
juno15mrhm6a045sp7mnvj9lr8nyq85ncgl7ajvsk39,7
juno1y3z5m7avne6va34uxuqsf8s2fkmxz5zhwpgna0,26
juno1y7lwjgl9aunjaj0skfej9gx04f3rpz8z2fastm,1
juno10kkqsa8qy6dyhxtgmglmuc2336uandcctgsjxk,5
juno1zxk9h3434pgwc69k6mvmawmkhc97zruc3vtc05,3
juno18z46wxwvws0egx2gy6neza9x2x5kc5nct0zjy8,7
juno12wdcv2lm6uhyh5f6ytjvh2nlkukrmkdkzymxdv,3
juno1vtvrpyk7snck7kv8cfmvxms3thqkua2706djjl,9
juno1mzx3vksc849ee8wjkx5pndd069vmvxn0ak0xrs,1
juno1sg5ldx84teff2c6ypanpav38xaxfny52epm7f2,2
juno15hyr8az8yg0jk2f00y97zryz27q9wax6qjtqfg,2
juno16nmlkzdem2c66w48yrjeslcqwpc8w700ys3366,1
juno1vej0xzhxgrssj43s45qfsq56k3p628073nrpct,3
juno1earntcqvuz0jmdx4jkeuff2myxthphkpktgwky,1
juno1aekcc7v4c6vxvcx5njmer68y8rrln7jxl75raa,1
juno1m74zj2duq6aqunjz4syec6wtquxygrkpm5e0l4,4
juno1apz4zgkkyqwaka6ya4sufustl9xj5s4sea2y3a,2
juno1ysunnmn0sn4xpa2y4vhwzmpt5fz47rkv247rpa,2
juno1m806kg5093nqhuxnfkjpu7v7g7pcr7ya2dq65m,4
juno1tyj3ls8w296a2pjn3ysyrjf9v0q0gfjyq364uc,1
juno1g8s2yyv8yajjuthtfjkx3yfknt4tdt2zl99uv8,2
juno16vl5aqpz5tht5sclvfvh8npdad9dnca80dcm3u,1
juno1ru2gl4t9tku9gq6ng353qpcc6qhraec9ps7l5j,1
juno1n4ldju4nd65uac55mtyqhppk9zxmxj4q574fvr,5
juno1tyuhvaujdmkfgpcffx8wxsdekr066q8wytm2qe,2
juno1jmjdj54aw8s3l94mp02t2qk9tyujz440lueeyu,7
juno1huxl2dnqpqvg5fghy20ert82h8vjpvvtmsg5tk,142
juno15m0ecmh7mplgqjlwmdxqyd56482zd47lgjg6dc,2
juno1tmurvmmawejj4vzndmxg850tqq2zk46nx20was,1
juno1dy6c2gvg0802ujsnkhcg3f0vuvqwypu35nsnyl,3
juno1thfntksw0d35n2tkr0k8v54fr8wxtxwxl2c56e,1
juno1j5n75yls5aun28eu02w2hdthmtx29pvexk750t,2
juno19rsj0scvc0jt3le0ha2k29pgc7228jl5jcdgvv,2
juno1pguk5vxyhcqv0xaspex99l7jweqjm9337sj65g,1
juno1w40scum8rehyck89wda07sv6wnvuyuyqph64ew,11
juno1dacvck4ch3y00c40tmrxj6jwuj906fztznt34a,2
juno1eqhexdtptfsgyz0m9efg8s8v5vcmsknxwdd4kj,9
juno1haafgrugef8knz990ppy0n9nm0zxpqnetfyska,2
juno1us8zmnqkravc378evmdxxjt7kksauv5ec7zf8a,1
juno1qaphxxcc6gg0023cnv6n05yrkkns60kellj9p8,4
juno1utv0g8dhnhj33rf2mrd7ntg4v520vupva4kf5c,6
juno1wgnhh69nwemsxaescl8se0zt6ujtl5mgfclkvy,1
juno15en8sl2rhwzx3rjx0yu5nqfcag0h5kcrums8ms,2
juno1j4dvmypy70uv5gzef2tvj244qlp7p690genzpv,2
juno1722vv36vjxa9drvhz4rze3acjds5h89jeea3lg,3
juno1njfcpdtl5y025syt0f7h6t7eycjzr2xpljpqrp,2
juno1ruu0lvqz6qnjwdv2sk5q7p8vpqcvq2w2ul800k,1
juno1q2yjru58ap4l67g3w6ngtyspkk5edrz9j5dh3k,1
juno1tnk45uvxvdsemhd0pnl5y72jl43lwwm0cn4v4w,1
juno1eehg3ta4s4w0v09pe6egn8rykfmhd6n2v7z6tn,1
juno1hhayvgvz3qqw40r7tg09wan8932wuw6ehzad9p,2
juno1r4lylz39yupmec3wk3ajur6k0w7ykkwv7q5ux4,1
juno1tjaqkh363wf0fztmu8tkha2f2905nguf4qq2dr,2
juno12hq520qvy3yc2drw77tm9pdte8rldsutvxahtk,3
juno1eymapsam3l5ymas76avez0adlvw3u293xzlfpf,5
juno1u4f6fns5lz8jeczfkts78x5ql4ljck6fmp5avy,3
juno1w02p95wuatuce4f688w6k76npp88p683wr76lv,3
juno16s96n9k9zztdgjy8q4qcxp4hn7ww98qkss2mfe,1
juno17m6nljqlutsk2drwqya6vl2alqwwpg05y9yy0z,1
juno16hkdkuajjqrsr9ka9s90dn9wpckgw2wee7qkaz,1
juno13m7eqx55zldnu72vyal828vzrypz2chvc2x3es,1
juno1m87v8nlrxlnezy7cdh5u7ecjjvk8l3cw73u2dp,1
juno1khgnev0l94jsnp06kqvn844juxxlw456ez9efv,1
juno1nhcetfcppk5psk6l7svkxkgvrjjfnq8ma7ekzj,3
juno17m6c0d0qrs5xpm5jllet30y2frjrq5vt2e07ha,2
juno1g5wrgeztmwnuak9dkxn5803pq6y8yt3qky2z4m,1
juno10qps96zy960s7jrncmakremkqdkpquq2uxjmj8,7
juno1shc9rmcl0z87tadyrwal9utu5as6l2ws5h3meq,1
juno16eraqn22mm7n3rqndkw6chc7qk2pdqgk0a4hh2,1
juno1n5yr7uxk9eza6m29ew7zvrc0zkd5nvwemax73f,1
juno17j9rqfx0de7uzdv40z3eg5d9d6yf2se9s77k7v,2
juno19s839fk4cyk784nsrduuzchywcz9t9kgppgmj0,7
juno10vtw8cc7gfu662ckajmgldwf3es37fqlc9gkv9,1
juno136vrrpsmxtvpv7lj573z9x83lqylc0ad2f5jm6,1
juno1j74j4uf5gr6znul8mdtxft6gxeukm0klf5f44c,1
juno13v34fs9uv858shs67ea5jml597q4njkeu8zz7r,1
juno1n93esxf3her0vszqzyskq5lp763qhs3dnkmzkx,3
juno17nun6cg7a5xtu9fz2p8scxr7u9jmrf5v6xq9ss,1
juno16ffhf4evaep33qm8g5ykn2eutyfzdjaxdw7nnn,1
juno1wkmzk7cds2dwe6nns8g54k9wxns2pdlygmecxx,3
juno1dmwkuvcdknn94l9hxtpvjft8gkra4kzj584chg,1
juno1tajxsv9n79s4387z6r4gcw0c9d48sg863c2wah,1
juno1wketykfcqkl757qy8f8xdphdus4a8emh9jyzgw,1
juno14cn88r8nxesg75ysudw85hcaqczr3fxh3egru7,3
juno12udgs9zyfklusttlug8flz9vl8qyhx368c5qyj,2
juno1urtkpz2adymkvm9dw3yg6sw8lmucjnxtw42j7l,2
juno1qsah4thecca6mdak8mf7pkf8upf6hx49x6tyaz,1
juno1vd3l3plh0q8y2234kg8zk02d8fg6jf87uera9m,1
juno126sgegpjg0qjlxmp45tfzgsx4vylcr8lheg29s,1
juno1hjk5fjx2le9smk4ckaua2ad2q40rgkvtxzs26j,1
juno179l49cwfczsy6g3puzw0wlcl7fksxwl0a8vlve,3
juno10hncce2cs2hlv7l4djw4syhx0sevdz92kslkme,1
juno1hyz9j0y0fl4lkedcteuq60twdsx39y8mlyujc9,1
juno19t8cn7f96pj97myxe0w4l49refu4s50c2fdyfa,1
juno1asefu8qprlr6sp3h97qwhgazqux75k64zplzsq,2
juno140zga3h52gvjd76xf0ml2y76slavjkjt6adnxl,2
juno1lcfgsnhlgxtq8dklaljz87d4yak666k52tre2q,3
juno1m4e9cvkycmmwac6c5smacfgv5f6ywrprxw72m6,3
juno1uy3efc0t599rsemaars94ve0x6m80fgc0l7q3k,1
juno19t5vjq8jlp5uy3jp4eu2nwms6u5yv7gnqxuhqc,1
juno1hlmuc0w9uh8fupchez73u69f7wmyt8c6e8l045,1
juno14mfnmk0m85vm442jaw3p7zuc0z33cr6x4u3c3a,1
juno12pc8dyq4a5td8xhtg33pau4830rg8dm4pssay2,1
juno1etwruy48q0j2s0vj3qpee6nu938fvde6q49alz,1
juno1pw4j58t52qe265q3j99h3fpgz5zkxej6zkst4p,3
juno1k8udad6rg4pypffvdp26s47u3zug3yvppd3kzz,1
juno17enhel6x2r8jafa4k0uhmqnt4xtp5ltn2624dn,1
juno1vkthfcdhnn4uvz83q29vwkx2qpzjmpue2arhpw,1
juno1xug46uep68c3g6nx5dt8m3jvxvfdenrkqq3th2,1
juno1wv8s3cflrukukpe8wt0t246ewamshqlnpw2pfa,2
juno1svl3l7j9my9plaahteygvhegp5ta6zlewjknwk,2
juno136k2sx0s7lh6lhhryc3ew6lhfvke2k38ektx8v,1
juno18gmuws8agy98duw8nf9jjm2heq46qp5x0gnfym,3
juno1duad60aqqyhzfnha5srhpsw3eegg6phmy45vmd,1
juno19ckvp2666xc5aaevrmufppyzjtggfhguzkh4lj,1
juno1nllnffudccy2f6wrfv4djaadsvqsr2law7k0pc,1
juno1rjlr8gdl6kxhqlgrndaufu2n56je0fsq9sc4lr,1
juno10ujj0xx8fcqwsnrfkprjnhvu4g2x230uvvj8u6,3
juno1cp64e6pusu9aylpt7kvf9gyd7l0kpqjpuhjd9g,1
juno1vxhywak9u2hm3v40u054cfrq2w87zr240uwh24,1
juno1upjh84nm03gp7kjgu24sy6qp6569vyqmmqrlqn,3
juno1mltf6dxcjruvjlm2kaxhm7k5d0aucdagmgzdcn,1
juno1hf8gt07ycert7m8dq64vamsmxs7tncf8zce9mj,2
juno1vfz8vh37q6vsh9s35uvq3gl4euwg9238g0vq8j,1
juno15vrc7yujl93usxw8sz56za9ddy73h3wqdwjmjd,1
juno12mhaeqsq7dlyxvlr6alh927f8rwyj78qr4k3uz,1
juno1dapqqzd99n9gutmuj0xj0fqltujgsv6jpgjkph,1
juno152y4qw3e5mq6tcu3w0v6ahv93mupsjgsycly8u,2
juno1v5ft27rre0m3th7etfvm5c8vhw462vh6uystkh,2
juno1j3p24vjzvdprntyf082us5g2h0rlzmyclgkahj,1
juno1lx7htk5sl5w43k5796kxyr9lga6ppxkhf4skyp,2
juno1vt049pwn9nlcszj5ttq7ape3nw48tw9v2x6f03,1
juno1n0t2sj4uy2ezcwswqn35eqmtcn2w0dkjf5reqy,3
juno1nhetjrust9p0ggs2xukakqnkkn79h3lja0r423,1
juno14nyjwua9hx3arz7wujr804znaa8n85rdsjnuzk,1
juno1u9eqmr8g5n25fv9mycnhxwlgg4r44l9qfm896x,1
juno1cgegullcld8k6uh5w8rttedwwn7g5llywleeux,1
juno1kctemcrdkwt0m6c86x8vr8syvecchjdnms9qex,2
juno1ehgps9n084r3qpw67j59ardmmj20zs8pdw7hty,1
juno1jume25ttjlcaqqjzjjqx9humvze3vcc8z87szj,1
juno1g72q9dl7yqcl3lv3jqkrrrw8zayaan6hlrlzf9,1
juno12az7erwn7kgxdmfp38hmtlc7vs73whgpxkhq4g,1
juno1x4eey5gll3a9j3cjalypfkuxx9h3u5ehf8d03p,1
juno1fzw7lp3u708rg49zqv48pdm8e03uz4srw2dx39,3
juno1wvgwyvqh7gwus8m684jhdhzs85fgtvj2c90pp9,1
juno1lcc7232sht682gehjujmu26kmgf0d4yfxcpn2r,1
juno1uthaqccsq3l5dy5lupy5mj7ax2xa0n3qyekuxj,1
juno1g97we496ef0mt39jse82r67lmy2l7hw6cq7w8q,1
juno1rp2flwax08v7cdy5wxmth8yjagfctsfw4sd6hf,1
juno1e5jprrmun9t7tuuk9qf3s7nu3mg6yq72teptkz,1
juno1cgkhufdzupmg526n7j0gcmhvzvnwdedv6l4hh9,1
juno1eteq7m2xc7l5qaxu3knprxq2hl43r3ejxc4rw6,1
juno1vwtvpvlmx20l83dqwhmhlz5j7nttrsqwexqsqz,1
juno1lh6ruf253fhjykdesvfccy0y0vhjque47qvlgu,1
juno1neqprx4sd0xrs4snn2q9ccchg6ksva3pdzj79j,1
juno1lwkpyc07zta670uuz750xet787czp6uc7md5t0,1
juno1kpc0lnhkjhx6vzszuchm97gv9js0pyw3jwlngf,1
juno1mlqymygm837ka2pcd3ln6hffsvtfapm9jrlaen,1
juno127dxnwlvwfq7r5mgx6en644s76g8v9rchlcxjc,1
juno162xd76k3jfd73fjslfjh9x8jgkvgaf8tk4q36c,1
juno1xte3hz7p533fhujq43nuvj3ae2cljfkxnjklpv,1
juno17xfpkp90waa9e3743gye6e0kemxr720enp985m,1
juno1rrrq4pgg3sdf72pk9w7sx9y5pyner69v8ugm93,1
juno18tgy7tmpng6qspxgwl4alvc0myq6ln7uekxh78,1
juno1w6dpa2l2fc3v2rc9dpuhqg4lt6ykvlqgka4uda,1
juno1yqht6x4gx328ym896j2k6e43qnayg09tl7jwkv,1
juno1k7eh9ngcmwz5rq9cz0c9nwwwaagpfzfmj2w2as,1
juno1rd3c8zt6ae8nhn0gkhwjd4qtmjjar0d6tmggw5,1
juno14jhrng88d0eapec5dv5a7t5dwkzydvr9a4mh8e,1
juno1sp8vntwtrtnch5jyw74tmsxwrcy0dgqk35e485,1